,date,county,city,gender,population,atleast_onedose,fully_vaccinated,boosted,boosted_second,partially_vaccinated
1096,2021-03-09,Suffolk,Chelsea,Female,17783.0,3526.0,2035.0,,,1491.0
1097,2021-03-09,Suffolk,Chelsea,Male,19135.0,2651.0,1346.0,,,1305.0
1098,2021-03-09,Suffolk,Chelsea,Other,,,,,,
1099,2021-03-09,Suffolk,Chelsea,Total,36918.0,,,,,
2440,2021-03-16,Suffolk,Chelsea,Female,17783.0,4011.0,2420.0,,,1591.0
2441,2021-03-16,Suffolk,Chelsea,Male,19135.0,3057.0,1608.0,,,1449.0
2442,2021-03-16,Suffolk,Chelsea,Other,,,,,,
2443,2021-03-16,Suffolk,Chelsea,Total,36918.0,,,,,
3784,2021-03-23,Suffolk,Chelsea,Female,17783.0,4594.0,2858.0,,,1736.0
3785,2021-03-23,Suffolk,Chelsea,Male,19135.0,3526.0,1969.0,,,1557.0
3786,2021-03-23,Suffolk,Chelsea,Other,,,,,,
3787,2021-03-23,Suffolk,Chelsea,Total,36918.0,,,,,
5128,2021-03-30,Suffolk,Chelsea,Female,17783.0,5311.0,3304.0,,,2007.0
5129,2021-03-30,Suffolk,Chelsea,Male,19135.0,4120.0,2405.0,,,1715.0
5130,2021-03-30,Suffolk,Chelsea,Other,,,,,,
5131,2021-03-30,Suffolk,Chelsea,Total,36918.0,,,,,
6472,2021-04-06,Suffolk,Chelsea,Female,17783.0,6263.0,3638.0,,,2625.0
6473,2021-04-06,Suffolk,Chelsea,Male,19135.0,5005.0,2739.0,,,2266.0
6474,2021-04-06,Suffolk,Chelsea,Other,,,,,,
6475,2021-04-06,Suffolk,Chelsea,Total,36918.0,,,,,
7816,2021-04-13,Suffolk,Chelsea,Female,17783.0,7698.0,4501.0,,,3197.0
7817,2021-04-13,Suffolk,Chelsea,Male,19135.0,6449.0,3468.0,,,2981.0
7818,2021-04-13,Suffolk,Chelsea,Other,,31.0,,,,
7819,2021-04-13,Suffolk,Chelsea,Total,36918.0,14178.0,,,,
9160,2021-04-20,Suffolk,Chelsea,Female,17783.0,8989.0,5072.0,,,3917.0
9161,2021-04-20,Suffolk,Chelsea,Male,19135.0,7871.0,4007.0,,,3864.0
9162,2021-04-20,Suffolk,Chelsea,Other,,47.0,,,,
9163,2021-04-20,Suffolk,Chelsea,Total,36918.0,16907.0,,,,
10504,2021-04-27,Suffolk,Chelsea,Female,17783.0,9763.0,5890.0,,,3873.0
10505,2021-04-27,Suffolk,Chelsea,Male,19135.0,8756.0,4772.0,,,3984.0
10506,2021-04-27,Suffolk,Chelsea,Other,,53.0,,,,
10507,2021-04-27,Suffolk,Chelsea,Total,36918.0,18572.0,,,,
11848,2021-05-04,Suffolk,Chelsea,Female,17783.0,10285.0,7041.0,,,3244.0
11849,2021-05-04,Suffolk,Chelsea,Male,19135.0,9332.0,5915.0,,,3417.0
11850,2021-05-04,Suffolk,Chelsea,Other,,56.0,32.0,,,
11851,2021-05-04,Suffolk,Chelsea,Total,36918.0,19673.0,12988.0,,,
13192,2021-05-11,Suffolk,Chelsea,Female,17783.0,10844.0,8169.0,,,2675.0
13193,2021-05-11,Suffolk,Chelsea,Male,19135.0,9975.0,7138.0,,,2837.0
13194,2021-05-11,Suffolk,Chelsea,Other,,60.0,32.0,,,
13195,2021-05-11,Suffolk,Chelsea,Total,36918.0,20879.0,15339.0,,,
14536,2021-05-18,Suffolk,Chelsea,Female,17783.0,11662.0,8925.0,,,2737.0
14537,2021-05-18,Suffolk,Chelsea,Male,19135.0,10882.0,7916.0,,,2966.0
14538,2021-05-18,Suffolk,Chelsea,Other,,77.0,37.0,,,40.0
14539,2021-05-18,Suffolk,Chelsea,Total,36918.0,22621.0,16878.0,,,5743.0
15880,2021-05-25,Suffolk,Chelsea,Female,17783.0,12332.0,9384.0,,,2948.0
15881,2021-05-25,Suffolk,Chelsea,Male,19135.0,11522.0,8477.0,,,3045.0
15882,2021-05-25,Suffolk,Chelsea,Other,,80.0,41.0,,,39.0
15883,2021-05-25,Suffolk,Chelsea,Total,36918.0,23934.0,17902.0,,,6032.0
17228,2021-06-01,Suffolk,Chelsea,Female,17783.0,12765.0,9935.0,,,2830.0
17229,2021-06-01,Suffolk,Chelsea,Male,19135.0,12018.0,9095.0,,,2923.0
17230,2021-06-01,Suffolk,Chelsea,Other,,91.0,49.0,,,42.0
17231,2021-06-01,Suffolk,Chelsea,Total,36918.0,24874.0,19079.0,,,5795.0
18576,2021-06-08,Suffolk,Chelsea,Female,17783.0,13176.0,10560.0,,,2616.0
18577,2021-06-08,Suffolk,Chelsea,Male,19135.0,12563.0,9888.0,,,2675.0
18578,2021-06-08,Suffolk,Chelsea,Other,,106.0,58.0,,,48.0
18579,2021-06-08,Suffolk,Chelsea,Total,36918.0,25845.0,20506.0,,,5339.0
19924,2021-06-15,Suffolk,Chelsea,Female,17783.0,13471.0,11186.0,,,2285.0
19925,2021-06-15,Suffolk,Chelsea,Male,19135.0,12922.0,10583.0,,,2339.0
19926,2021-06-15,Suffolk,Chelsea,Other,,113.0,61.0,,,52.0
19927,2021-06-15,Suffolk,Chelsea,Total,36918.0,26506.0,21830.0,,,4676.0
21272,2021-06-22,Suffolk,Chelsea,Female,17783.0,13671.0,11559.0,,,2112.0
21273,2021-06-22,Suffolk,Chelsea,Male,19135.0,13142.0,10975.0,,,2167.0
21274,2021-06-22,Suffolk,Chelsea,Other,,117.0,64.0,,,53.0
21275,2021-06-22,Suffolk,Chelsea,Total,36918.0,26930.0,22598.0,,,4332.0
22620,2021-06-29,Suffolk,Chelsea,Female,17783.0,13859.0,11859.0,,,2000.0
22621,2021-06-29,Suffolk,Chelsea,Male,19135.0,13308.0,11279.0,,,2029.0
22622,2021-06-29,Suffolk,Chelsea,Other,,121.0,68.0,,,53.0
22623,2021-06-29,Suffolk,Chelsea,Total,36918.0,27288.0,23206.0,,,4082.0
23968,2021-07-06,Suffolk,Chelsea,Female,17783.0,13981.0,12014.0,,,1967.0
23969,2021-07-06,Suffolk,Chelsea,Male,19135.0,13439.0,11464.0,,,1975.0
23970,2021-07-06,Suffolk,Chelsea,Other,,123.0,70.0,,,53.0
23971,2021-07-06,Suffolk,Chelsea,Total,36918.0,27543.0,23548.0,,,3995.0
25316,2021-07-13,Suffolk,Chelsea,Female,17783.0,14152.0,12192.0,,,1960.0
25317,2021-07-13,Suffolk,Chelsea,Male,19135.0,13573.0,11648.0,,,1925.0
25318,2021-07-13,Suffolk,Chelsea,Other,,123.0,73.0,,,50.0
25319,2021-07-13,Suffolk,Chelsea,Total,36918.0,27848.0,23913.0,,,3935.0
26664,2021-07-20,Suffolk,Chelsea,Female,17783.0,14312.0,12343.0,,,1969.0
26665,2021-07-20,Suffolk,Chelsea,Male,19135.0,13741.0,11785.0,,,1956.0
26666,2021-07-20,Suffolk,Chelsea,Other,,125.0,74.0,,,51.0
26667,2021-07-20,Suffolk,Chelsea,Total,36918.0,28178.0,24202.0,,,3976.0
28012,2021-07-27,Suffolk,Chelsea,Female,17783.0,14508.0,12461.0,,,2047.0
28013,2021-07-27,Suffolk,Chelsea,Male,19135.0,13910.0,11896.0,,,2014.0
28014,2021-07-27,Suffolk,Chelsea,Other,,124.0,74.0,,,50.0
28015,2021-07-27,Suffolk,Chelsea,Total,36918.0,28542.0,24431.0,,,4111.0
29360,2021-08-03,Suffolk,Chelsea,Female,17783.0,14698.0,12594.0,,,2104.0
29361,2021-08-03,Suffolk,Chelsea,Male,19135.0,14109.0,12014.0,,,2095.0
29362,2021-08-03,Suffolk,Chelsea,Other,,124.0,74.0,,,50.0
29363,2021-08-03,Suffolk,Chelsea,Total,36918.0,28931.0,24682.0,,,4249.0
30708,2021-08-10,Suffolk,Chelsea,Female,17783.0,14908.0,12730.0,,,2178.0
30709,2021-08-10,Suffolk,Chelsea,Male,19135.0,14347.0,12156.0,,,2191.0
30710,2021-08-10,Suffolk,Chelsea,Other,,125.0,76.0,,,49.0
30711,2021-08-10,Suffolk,Chelsea,Total,36918.0,29380.0,24962.0,,,4418.0
32056,2021-08-17,Suffolk,Chelsea,Female,17783.0,15060.0,12901.0,,,2159.0
32057,2021-08-17,Suffolk,Chelsea,Male,19135.0,14519.0,12285.0,,,2234.0
32058,2021-08-17,Suffolk,Chelsea,Other,,122.0,74.0,,,48.0
32059,2021-08-17,Suffolk,Chelsea,Total,36918.0,29701.0,25260.0,,,4441.0
33404,2021-08-24,Suffolk,Chelsea,Female,17783.0,15178.0,13034.0,,,2144.0
33405,2021-08-24,Suffolk,Chelsea,Male,19135.0,14651.0,12433.0,,,2218.0
33406,2021-08-24,Suffolk,Chelsea,Other,,122.0,74.0,,,48.0
33407,2021-08-24,Suffolk,Chelsea,Total,36918.0,29951.0,25541.0,,,4410.0
34752,2021-08-31,Suffolk,Chelsea,Female,17783.0,15308.0,13211.0,,,2097.0
34753,2021-08-31,Suffolk,Chelsea,Male,19135.0,14788.0,12618.0,,,2170.0
34754,2021-08-31,Suffolk,Chelsea,Other,,121.0,73.0,,,48.0
34755,2021-08-31,Suffolk,Chelsea,Total,36918.0,30217.0,25902.0,,,4315.0
36100,2021-09-07,Suffolk,Chelsea,Female,17783.0,15403.0,13319.0,,,2084.0
36101,2021-09-07,Suffolk,Chelsea,Male,19135.0,14866.0,12748.0,,,2118.0
36102,2021-09-07,Suffolk,Chelsea,Other,,123.0,75.0,,,48.0
36103,2021-09-07,Suffolk,Chelsea,Total,36918.0,30392.0,26142.0,,,4250.0
37448,2021-09-14,Suffolk,Chelsea,Female,17783.0,15516.0,13420.0,,,2096.0
37449,2021-09-14,Suffolk,Chelsea,Male,19135.0,14965.0,12882.0,,,2083.0
37450,2021-09-14,Suffolk,Chelsea,Other,,120.0,74.0,,,46.0
37451,2021-09-14,Suffolk,Chelsea,Total,36918.0,30601.0,26376.0,,,4225.0
38796,2021-09-21,Suffolk,Chelsea,Female,17783.0,15644.0,13534.0,,,2110.0
38797,2021-09-21,Suffolk,Chelsea,Male,19135.0,15082.0,12999.0,,,2083.0
38798,2021-09-21,Suffolk,Chelsea,Other,,119.0,73.0,,,46.0
38799,2021-09-21,Suffolk,Chelsea,Total,36918.0,30845.0,26606.0,,,4239.0
40144,2021-09-28,Suffolk,Chelsea,Female,17783.0,15751.0,13624.0,,,2127.0
40145,2021-09-28,Suffolk,Chelsea,Male,19135.0,15310.0,13195.0,,,2115.0
40146,2021-09-28,Suffolk,Chelsea,Other,,118.0,73.0,,,45.0
40147,2021-09-28,Suffolk,Chelsea,Total,36918.0,31179.0,26892.0,,,4287.0
41492,2021-10-05,Suffolk,Chelsea,Female,17783.0,15830.0,13691.0,,,2139.0
41493,2021-10-05,Suffolk,Chelsea,Male,19135.0,15387.0,13258.0,,,2129.0
41494,2021-10-05,Suffolk,Chelsea,Other,,115.0,71.0,,,44.0
41495,2021-10-05,Suffolk,Chelsea,Total,36918.0,31332.0,27020.0,,,4312.0
42840,2021-10-12,Suffolk,Chelsea,Female,17783.0,15932.0,13794.0,,,2138.0
42841,2021-10-12,Suffolk,Chelsea,Male,19135.0,15480.0,13343.0,,,2137.0
42842,2021-10-12,Suffolk,Chelsea,Other,,115.0,71.0,,,44.0
42843,2021-10-12,Suffolk,Chelsea,Total,36918.0,31527.0,27208.0,,,4319.0
44188,2021-10-19,Suffolk,Chelsea,Female,17783.0,16003.0,13872.0,,,2131.0
44189,2021-10-19,Suffolk,Chelsea,Male,19135.0,15541.0,13417.0,,,2124.0
44190,2021-10-19,Suffolk,Chelsea,Other,,113.0,69.0,,,44.0
44191,2021-10-19,Suffolk,Chelsea,Total,36918.0,31657.0,27358.0,,,4299.0
45536,2021-10-26,Suffolk,Chelsea,Female,17783.0,16089.0,13955.0,,,2134.0
45537,2021-10-26,Suffolk,Chelsea,Male,19135.0,15662.0,13529.0,,,2133.0
45538,2021-10-26,Suffolk,Chelsea,Other,,113.0,69.0,,,44.0
45539,2021-10-26,Suffolk,Chelsea,Total,36918.0,31864.0,27553.0,,,4311.0
46884,2021-11-02,Suffolk,Chelsea,Female,17783.0,16206.0,14025.0,,,2181.0
46885,2021-11-02,Suffolk,Chelsea,Male,19135.0,15793.0,13608.0,,,2185.0
46886,2021-11-02,Suffolk,Chelsea,Other,,114.0,70.0,,,44.0
46887,2021-11-02,Suffolk,Chelsea,Total,36918.0,32113.0,27703.0,,,4410.0
48232,2021-11-09,Suffolk,Chelsea,Female,17783.0,16405.0,14067.0,,,2338.0
48233,2021-11-09,Suffolk,Chelsea,Male,19135.0,15985.0,13684.0,,,2301.0
48234,2021-11-09,Suffolk,Chelsea,Other,,114.0,70.0,,,44.0
48235,2021-11-09,Suffolk,Chelsea,Total,36918.0,32504.0,27821.0,,,4683.0
49580,2021-11-16,Suffolk,Chelsea,Female,17783.0,16591.0,14168.0,,,2423.0
49581,2021-11-16,Suffolk,Chelsea,Male,19135.0,16187.0,13800.0,,,2387.0
49582,2021-11-16,Suffolk,Chelsea,Other,,115.0,71.0,,,44.0
49583,2021-11-16,Suffolk,Chelsea,Total,36918.0,32893.0,28039.0,,,4854.0
50928,2021-11-23,Suffolk,Chelsea,Female,17783.0,16876.0,14212.0,,,2664.0
50929,2021-11-23,Suffolk,Chelsea,Male,19135.0,16472.0,13878.0,,,2594.0
50930,2021-11-23,Suffolk,Chelsea,Other,,112.0,67.0,,,45.0
50931,2021-11-23,Suffolk,Chelsea,Total,36918.0,33460.0,28157.0,,,5303.0
52276,2021-11-30,Suffolk,Chelsea,Female,17783.0,17012.0,14311.0,,,2701.0
52277,2021-11-30,Suffolk,Chelsea,Male,19135.0,16610.0,13963.0,,,2647.0
52278,2021-11-30,Suffolk,Chelsea,Other,,111.0,66.0,,,45.0
52279,2021-11-30,Suffolk,Chelsea,Total,36918.0,33733.0,28340.0,,,5393.0
53624,2021-12-07,Suffolk,Chelsea,Female,17783.0,17135.0,14445.0,,,2690.0
53625,2021-12-07,Suffolk,Chelsea,Male,19135.0,16787.0,14152.0,,,2635.0
53626,2021-12-07,Suffolk,Chelsea,Other,,106.0,63.0,,,43.0
53627,2021-12-07,Suffolk,Chelsea,Total,36918.0,34028.0,28660.0,,,5368.0
54972,2021-12-14,Suffolk,Chelsea,Female,17783.0,17393.0,14605.0,,,2788.0
54973,2021-12-14,Suffolk,Chelsea,Male,19135.0,17058.0,14293.0,,,2765.0
54974,2021-12-14,Suffolk,Chelsea,Other,,103.0,59.0,,,44.0
54975,2021-12-14,Suffolk,Chelsea,Total,36918.0,34554.0,28957.0,,,5597.0
56320,2021-12-21,Suffolk,Chelsea,Female,17783.0,17558.0,14683.0,3879.0,,2875.0
56321,2021-12-21,Suffolk,Chelsea,Male,19135.0,17228.0,14346.0,3416.0,,2882.0
56322,2021-12-21,Suffolk,Chelsea,Other,,104.0,60.0,,,44.0
56323,2021-12-21,Suffolk,Chelsea,Total,36918.0,34890.0,29089.0,7303.0,,5801.0
57668,2021-12-28,Suffolk,Chelsea,Female,17783.0,17672.0,14765.0,4185.0,,2907.0
57669,2021-12-28,Suffolk,Chelsea,Male,19135.0,17369.0,14407.0,3678.0,,2962.0
57670,2021-12-28,Suffolk,Chelsea,Other,,103.0,59.0,,,44.0
57671,2021-12-28,Suffolk,Chelsea,Total,36918.0,35144.0,29231.0,7871.0,,5913.0
59016,2022-01-04,Suffolk,Chelsea,Female,17783.0,17854.0,14875.0,4510.0,,2979.0
59017,2022-01-04,Suffolk,Chelsea,Male,19135.0,17543.0,14512.0,3933.0,,3031.0
59018,2022-01-04,Suffolk,Chelsea,Other,,101.0,58.0,,,43.0
59019,2022-01-04,Suffolk,Chelsea,Total,36918.0,35498.0,29445.0,8452.0,,6053.0
60364,2022-01-11,Suffolk,Chelsea,Female,17783.0,18072.0,14995.0,4952.0,,3077.0
60365,2022-01-11,Suffolk,Chelsea,Male,19135.0,17793.0,14657.0,4317.0,,3136.0
60366,2022-01-11,Suffolk,Chelsea,Other,,106.0,62.0,,,44.0
60367,2022-01-11,Suffolk,Chelsea,Total,36918.0,35971.0,29714.0,9281.0,,6257.0
61712,2022-01-18,Suffolk,Chelsea,Female,17783.0,18289.0,15071.0,5285.0,,3218.0
61713,2022-01-18,Suffolk,Chelsea,Male,19135.0,18034.0,14741.0,4644.0,,3293.0
61714,2022-01-18,Suffolk,Chelsea,Other,,103.0,59.0,,,44.0
61715,2022-01-18,Suffolk,Chelsea,Total,36918.0,36426.0,29871.0,9941.0,,6555.0
63060,2022-01-25,Suffolk,Chelsea,Female,17783.0,18530.0,15181.0,5663.0,,3349.0
63061,2022-01-25,Suffolk,Chelsea,Male,19135.0,18339.0,14889.0,4923.0,,3450.0
63062,2022-01-25,Suffolk,Chelsea,Other,,105.0,59.0,,,46.0
63063,2022-01-25,Suffolk,Chelsea,Total,36918.0,36974.0,30129.0,10600.0,,6845.0
64408,2022-02-01,Suffolk,Chelsea,Female,17783.0,18631.0,15253.0,5844.0,,3378.0
64409,2022-02-01,Suffolk,Chelsea,Male,19135.0,18509.0,14951.0,5072.0,,3558.0
64410,2022-02-01,Suffolk,Chelsea,Other,,108.0,62.0,,,46.0
64411,2022-02-01,Suffolk,Chelsea,Total,36918.0,37248.0,30266.0,10931.0,,6982.0
65756,2022-02-08,Suffolk,Chelsea,Female,17783.0,18766.0,15382.0,6074.0,,3384.0
65757,2022-02-08,Suffolk,Chelsea,Male,19135.0,18665.0,15108.0,5243.0,,3557.0
65758,2022-02-08,Suffolk,Chelsea,Other,,109.0,62.0,,,47.0
65759,2022-02-08,Suffolk,Chelsea,Total,36918.0,37540.0,30552.0,11332.0,,6988.0
67104,2022-02-15,Suffolk,Chelsea,Female,17783.0,18877.0,15525.0,6309.0,,3352.0
67105,2022-02-15,Suffolk,Chelsea,Male,19135.0,18802.0,15253.0,5398.0,,3549.0
67106,2022-02-15,Suffolk,Chelsea,Other,,108.0,62.0,,,46.0
67107,2022-02-15,Suffolk,Chelsea,Total,36918.0,37787.0,30840.0,11723.0,,6947.0
68452,2022-02-22,Suffolk,Chelsea,Female,17783.0,18975.0,15617.0,6518.0,,3358.0
68453,2022-02-22,Suffolk,Chelsea,Male,19135.0,18928.0,15366.0,5532.0,,3562.0
68454,2022-02-22,Suffolk,Chelsea,Other,,108.0,62.0,,,46.0
68455,2022-02-22,Suffolk,Chelsea,Total,36918.0,38011.0,31045.0,12067.0,,6966.0
69800,2022-03-01,Suffolk,Chelsea,Female,17783.0,19042.0,15665.0,6657.0,,3377.0
69801,2022-03-01,Suffolk,Chelsea,Male,19135.0,19009.0,15428.0,5614.0,,3581.0
69802,2022-03-01,Suffolk,Chelsea,Other,,106.0,60.0,,,46.0
69803,2022-03-01,Suffolk,Chelsea,Total,36918.0,38157.0,31153.0,12288.0,,7004.0
71148,2022-03-08,Suffolk,Chelsea,Female,17783.0,19105.0,15720.0,6766.0,,3385.0
71149,2022-03-08,Suffolk,Chelsea,Male,19135.0,19085.0,15517.0,5704.0,,3568.0
71150,2022-03-08,Suffolk,Chelsea,Other,,108.0,61.0,,,47.0
71151,2022-03-08,Suffolk,Chelsea,Total,36918.0,38298.0,31298.0,12487.0,,7000.0
72496,2022-03-15,Suffolk,Chelsea,Female,17783.0,19153.0,15776.0,6858.0,,3377.0
72497,2022-03-15,Suffolk,Chelsea,Male,19135.0,19150.0,15577.0,5778.0,,3573.0
72498,2022-03-15,Suffolk,Chelsea,Other,,104.0,59.0,,,45.0
72499,2022-03-15,Suffolk,Chelsea,Total,36918.0,38407.0,31412.0,12651.0,,6995.0
73844,2022-03-22,Suffolk,Chelsea,Female,17783.0,19173.0,15810.0,6939.0,,3363.0
73845,2022-03-22,Suffolk,Chelsea,Male,19135.0,19190.0,15635.0,5853.0,,3555.0
73846,2022-03-22,Suffolk,Chelsea,Other,,104.0,59.0,,,45.0
73847,2022-03-22,Suffolk,Chelsea,Total,36918.0,38467.0,31504.0,12807.0,,6963.0
75192,2022-03-29,Suffolk,Chelsea,Female,17783.0,19208.0,15842.0,7020.0,,3366.0
75193,2022-03-29,Suffolk,Chelsea,Male,19135.0,19221.0,15685.0,5912.0,,3536.0
75194,2022-03-29,Suffolk,Chelsea,Other,,104.0,59.0,,,45.0
75195,2022-03-29,Suffolk,Chelsea,Total,36918.0,38533.0,31586.0,12947.0,,6947.0
76540,2022-04-05,Suffolk,Chelsea,Female,17783.0,19237.0,15862.0,7091.0,,3375.0
76541,2022-04-05,Suffolk,Chelsea,Male,19135.0,19256.0,15718.0,5962.0,,3538.0
76542,2022-04-05,Suffolk,Chelsea,Other,,105.0,61.0,,,44.0
76543,2022-04-05,Suffolk,Chelsea,Total,36918.0,38598.0,31641.0,13068.0,,6957.0
77888,2022-04-12,Suffolk,Chelsea,Female,17783.0,19270.0,15891.0,7146.0,,3379.0
77889,2022-04-12,Suffolk,Chelsea,Male,19135.0,19302.0,15747.0,6022.0,,3555.0
77890,2022-04-12,Suffolk,Chelsea,Other,,105.0,61.0,,,44.0
77891,2022-04-12,Suffolk,Chelsea,Total,36918.0,38677.0,31699.0,13183.0,,6978.0
79236,2022-04-19,Suffolk,Chelsea,Female,17783.0,19279.0,15911.0,7218.0,,3368.0
79237,2022-04-19,Suffolk,Chelsea,Male,19135.0,19312.0,15780.0,6059.0,,3532.0
79238,2022-04-19,Suffolk,Chelsea,Other,,103.0,60.0,,,43.0
79239,2022-04-19,Suffolk,Chelsea,Total,36918.0,38694.0,31751.0,13292.0,,6943.0
80584,2022-04-26,Suffolk,Chelsea,Female,17783.0,19295.0,15934.0,7273.0,,3361.0
80585,2022-04-26,Suffolk,Chelsea,Male,19135.0,19335.0,15805.0,6119.0,,3530.0
80586,2022-04-26,Suffolk,Chelsea,Other,,102.0,60.0,,,42.0
80587,2022-04-26,Suffolk,Chelsea,Total,36918.0,38732.0,31799.0,13407.0,,6933.0
81932,2022-05-03,Suffolk,Chelsea,Female,17783.0,19329.0,15961.0,7341.0,,3368.0
81933,2022-05-03,Suffolk,Chelsea,Male,19135.0,19400.0,15832.0,6172.0,,3568.0
81934,2022-05-03,Suffolk,Chelsea,Other,,101.0,59.0,,,42.0
81935,2022-05-03,Suffolk,Chelsea,Total,36918.0,38830.0,31852.0,13527.0,,6978.0
83280,2022-05-10,Suffolk,Chelsea,Female,17783.0,19339.0,15985.0,7417.0,,3354.0
83281,2022-05-10,Suffolk,Chelsea,Male,19135.0,19414.0,15839.0,6205.0,,3575.0
83282,2022-05-10,Suffolk,Chelsea,Other,,100.0,58.0,,,42.0
83283,2022-05-10,Suffolk,Chelsea,Total,36918.0,38853.0,31882.0,13636.0,,6971.0
84628,2022-05-17,Suffolk,Chelsea,Female,17783.0,19378.0,16014.0,7482.0,,3364.0
84629,2022-05-17,Suffolk,Chelsea,Male,19135.0,19462.0,15866.0,6260.0,,3596.0
84630,2022-05-17,Suffolk,Chelsea,Other,,99.0,57.0,,,42.0
84631,2022-05-17,Suffolk,Chelsea,Total,36918.0,38939.0,31937.0,13755.0,,7002.0
85976,2022-05-24,Suffolk,Chelsea,Female,17783.0,19403.0,16033.0,7539.0,,3370.0
85977,2022-05-24,Suffolk,Chelsea,Male,19135.0,19476.0,15881.0,6311.0,,3595.0
85978,2022-05-24,Suffolk,Chelsea,Other,,98.0,56.0,,,42.0
85979,2022-05-24,Suffolk,Chelsea,Total,36918.0,38977.0,31970.0,13863.0,,7007.0
87324,2022-05-31,Suffolk,Chelsea,Female,17783.0,19418.0,16052.0,7613.0,,3366.0
87325,2022-05-31,Suffolk,Chelsea,Male,19135.0,19487.0,15889.0,6340.0,,3598.0
87326,2022-05-31,Suffolk,Chelsea,Other,,98.0,56.0,,,42.0
87327,2022-05-31,Suffolk,Chelsea,Total,36918.0,39003.0,31997.0,13966.0,,7006.0
88672,2022-06-07,Suffolk,Chelsea,Female,17783.0,19448.0,16091.0,7685.0,,3357.0
88673,2022-06-07,Suffolk,Chelsea,Male,19135.0,19499.0,15905.0,6380.0,,3594.0
88674,2022-06-07,Suffolk,Chelsea,Other,,98.0,56.0,,,42.0
88675,2022-06-07,Suffolk,Chelsea,Total,36918.0,39045.0,32052.0,14078.0,,6993.0
90020,2022-06-14,Suffolk,Chelsea,Female,17783.0,19462.0,16118.0,7764.0,,3344.0
90021,2022-06-14,Suffolk,Chelsea,Male,19135.0,19521.0,15921.0,6431.0,,3600.0
90022,2022-06-14,Suffolk,Chelsea,Other,,97.0,55.0,,,42.0
90023,2022-06-14,Suffolk,Chelsea,Total,36918.0,39080.0,32094.0,14207.0,,6986.0
91368,2022-06-21,Suffolk,Chelsea,Female,17783.0,19490.0,16141.0,7820.0,,3349.0
91369,2022-06-21,Suffolk,Chelsea,Male,19135.0,19535.0,15938.0,6492.0,,3597.0
91370,2022-06-21,Suffolk,Chelsea,Other,,95.0,53.0,,,42.0
91371,2022-06-21,Suffolk,Chelsea,Total,36918.0,39122.0,32134.0,14324.0,,6988.0
92716,2022-06-28,Suffolk,Chelsea,Female,17783.0,19511.0,16160.0,7885.0,,3351.0
92717,2022-06-28,Suffolk,Chelsea,Male,19135.0,19564.0,15958.0,6542.0,,3606.0
92718,2022-06-28,Suffolk,Chelsea,Other,,95.0,53.0,,,42.0
92719,2022-06-28,Suffolk,Chelsea,Total,36918.0,39172.0,32173.0,14439.0,,6999.0
94064,2022-07-05,Suffolk,Chelsea,Female,17783.0,19544.0,16176.0,7922.0,,3368.0
94065,2022-07-05,Suffolk,Chelsea,Male,19135.0,19571.0,15961.0,6562.0,,3610.0
94066,2022-07-05,Suffolk,Chelsea,Other,,95.0,53.0,,,42.0
94067,2022-07-05,Suffolk,Chelsea,Total,36918.0,39212.0,32192.0,14496.0,,7020.0
95412,2022-07-12,Suffolk,Chelsea,Female,19631.0,19575.0,16193.0,7956.0,1011.0,
95413,2022-07-12,Suffolk,Chelsea,Male,21156.0,19584.0,15969.0,6591.0,1002.0,
95414,2022-07-12,Suffolk,Chelsea,Other,,97.0,55.0,,,
95415,2022-07-12,Suffolk,Chelsea,Total,40787.0,39256.0,32217.0,,,
96760,2022-07-19,Suffolk,Chelsea,Female,19631.0,19630.0,16209.0,8013.0,1057.0,
96761,2022-07-19,Suffolk,Chelsea,Male,21156.0,19615.0,15991.0,6653.0,1043.0,
96762,2022-07-19,Suffolk,Chelsea,Other,,96.0,55.0,,,
96763,2022-07-19,Suffolk,Chelsea,Total,40787.0,39341.0,32255.0,,,
98108,2022-07-26,Suffolk,Chelsea,Female,19631.0,19668.0,16247.0,8085.0,1111.0,
98109,2022-07-26,Suffolk,Chelsea,Male,21156.0,19638.0,16002.0,6694.0,1098.0,
98110,2022-07-26,Suffolk,Chelsea,Other,,96.0,55.0,,,
98111,2022-07-26,Suffolk,Chelsea,Total,40787.0,39402.0,32304.0,,,
99456,2022-08-02,Suffolk,Chelsea,Female,19631.0,19693.0,16260.0,8138.0,1155.0,
99457,2022-08-02,Suffolk,Chelsea,Male,21156.0,19640.0,16003.0,6739.0,1136.0,
99458,2022-08-02,Suffolk,Chelsea,Other,,,,,,
99459,2022-08-02,Suffolk,Chelsea,Total,40787.0,,,,,
100804,2022-08-09,Suffolk,Chelsea,Female,19630.0,19706.0,16282.0,8177.0,1196.0,
100805,2022-08-09,Suffolk,Chelsea,Male,21156.0,19657.0,16017.0,6775.0,1172.0,
100806,2022-08-09,Suffolk,Chelsea,Other,,,,,,
100807,2022-08-09,Suffolk,Chelsea,Total,40787.0,,,,,
102152,2022-08-16,Suffolk,Chelsea,Female,19630.0,19742.0,16311.0,8246.0,1225.0,
102153,2022-08-16,Suffolk,Chelsea,Male,21156.0,19705.0,16040.0,6822.0,1191.0,
102154,2022-08-16,Suffolk,Chelsea,Other,0.0,,,,,
102155,2022-08-16,Suffolk,Chelsea,Total,40787.0,,,,,
103500,2022-08-23,Suffolk,Chelsea,Female,19631.0,19761.0,16332.0,8302.0,1258.0,
103501,2022-08-23,Suffolk,Chelsea,Male,21156.0,19716.0,16056.0,6867.0,1208.0,
103502,2022-08-23,Suffolk,Chelsea,Other,0.0,,,,,
103503,2022-08-23,Suffolk,Chelsea,Total,40787.0,,,,,
104848,2022-08-30,Suffolk,Chelsea,Female,19631.0,19802.0,16351.0,8347.0,1278.0,
104849,2022-08-30,Suffolk,Chelsea,Male,21156.0,19750.0,16069.0,6900.0,1226.0,
104850,2022-08-30,Suffolk,Chelsea,Other,0.0,,,,,
104851,2022-08-30,Suffolk,Chelsea,Total,40787.0,,,,,
106196,2022-09-06,Suffolk,Chelsea,Female,19631.0,19794.0,16380.0,8389.0,1286.0,
106197,2022-09-06,Suffolk,Chelsea,Male,21156.0,19755.0,16095.0,6956.0,1238.0,
106198,2022-09-06,Suffolk,Chelsea,Other,,,,,,
106199,2022-09-06,Suffolk,Chelsea,Total,40787.0,,,,,
107544,2022-09-13,Suffolk,Chelsea,Female,19631.0,19743.0,16420.0,8470.0,1352.0,
107545,2022-09-13,Suffolk,Chelsea,Male,21156.0,19736.0,16116.0,7012.0,1276.0,
107546,2022-09-13,Suffolk,Chelsea,Other,,,,,,
107547,2022-09-13,Suffolk,Chelsea,Total,40787.0,,,,,
108618,2022-09-20,Suffolk,Chelsea,Female,19631.0,19701.0,16461.0,8550.0,1396.0,
108619,2022-09-20,Suffolk,Chelsea,Male,21156.0,19697.0,16156.0,7085.0,1313.0,
108620,2022-09-20,Suffolk,Chelsea,Other,,,,,,
109629,2022-09-27,Suffolk,Chelsea,Female,19631.0,19717.0,16482.0,8615.0,1492.0,
109630,2022-09-27,Suffolk,Chelsea,Male,21156.0,19730.0,16176.0,7132.0,1396.0,
109631,2022-09-27,Suffolk,Chelsea,Other,,,,,,
110914,2022-10-04,Suffolk,Chelsea,Female,19631.0,19745.0,16519.0,8679.0,1641.0,
110915,2022-10-04,Suffolk,Chelsea,Male,21156.0,19761.0,16217.0,7182.0,1505.0,
110916,2022-10-04,Suffolk,Chelsea,Other,,,,,,
110917,2022-10-04,Suffolk,Chelsea,Total,40787.0,,,,,
