,date,county,city,age_group,population,atleast_onedose,fully_vaccinated,boosted,boosted_second,partially_vaccinated
1925,2021-03-09,Suffolk,Revere,0-19 Years,13297.0,82.0,34.0,,,48.0
1926,2021-03-09,Suffolk,Revere,20-29 Years,8303.0,797.0,526.0,,,271.0
1927,2021-03-09,Suffolk,Revere,30-49 Years,17705.0,2387.0,1383.0,,,1004.0
1928,2021-03-09,Suffolk,Revere,50-64 Years,12184.0,2525.0,1126.0,,,1399.0
1929,2021-03-09,Suffolk,Revere,65-74 Years,5047.0,2459.0,756.0,,,1703.0
1930,2021-03-09,Suffolk,Revere,75+ Years,4312.0,2579.0,1874.0,,,705.0
1931,2021-03-09,Suffolk,Revere,Total,60849.0,10829.0,5699.0,,,5130.0
4284,2021-03-16,Suffolk,Revere,0-19 Years,13297.0,103.0,40.0,,,63.0
4285,2021-03-16,Suffolk,Revere,20-29 Years,8303.0,937.0,601.0,,,336.0
4286,2021-03-16,Suffolk,Revere,30-49 Years,17705.0,2885.0,1651.0,,,1234.0
4287,2021-03-16,Suffolk,Revere,50-64 Years,12184.0,3078.0,1487.0,,,1591.0
4288,2021-03-16,Suffolk,Revere,65-74 Years,5047.0,2923.0,1280.0,,,1643.0
4289,2021-03-16,Suffolk,Revere,75+ Years,4312.0,2687.0,2096.0,,,591.0
4290,2021-03-16,Suffolk,Revere,Total,60849.0,12613.0,7155.0,,,5458.0
6643,2021-03-23,Suffolk,Revere,0-19 Years,13297.0,137.0,51.0,,,86.0
6644,2021-03-23,Suffolk,Revere,20-29 Years,8303.0,1216.0,678.0,,,538.0
6645,2021-03-23,Suffolk,Revere,30-49 Years,17705.0,3628.0,1913.0,,,1715.0
6646,2021-03-23,Suffolk,Revere,50-64 Years,12184.0,3903.0,1944.0,,,1959.0
6647,2021-03-23,Suffolk,Revere,65-74 Years,5047.0,3230.0,1988.0,,,1242.0
6648,2021-03-23,Suffolk,Revere,75+ Years,4312.0,2765.0,2225.0,,,540.0
6649,2021-03-23,Suffolk,Revere,Total,60849.0,14879.0,8799.0,,,6080.0
9002,2021-03-30,Suffolk,Revere,0-19 Years,13297.0,214.0,77.0,,,137.0
9003,2021-03-30,Suffolk,Revere,20-29 Years,8303.0,1557.0,795.0,,,762.0
9004,2021-03-30,Suffolk,Revere,30-49 Years,17705.0,4616.0,2383.0,,,2233.0
9005,2021-03-30,Suffolk,Revere,50-64 Years,12184.0,4782.0,2528.0,,,2254.0
9006,2021-03-30,Suffolk,Revere,65-74 Years,5047.0,3450.0,2416.0,,,1034.0
9007,2021-03-30,Suffolk,Revere,75+ Years,4312.0,2822.0,2272.0,,,550.0
9008,2021-03-30,Suffolk,Revere,Total,60849.0,17441.0,10471.0,,,6970.0
11361,2021-04-06,Suffolk,Revere,0-19 Years,13297.0,310.0,92.0,,,218.0
11362,2021-04-06,Suffolk,Revere,20-29 Years,8303.0,2076.0,929.0,,,1147.0
11363,2021-04-06,Suffolk,Revere,30-49 Years,17705.0,5996.0,2747.0,,,3249.0
11364,2021-04-06,Suffolk,Revere,50-64 Years,12184.0,5686.0,2862.0,,,2824.0
11365,2021-04-06,Suffolk,Revere,65-74 Years,5047.0,3594.0,2677.0,,,917.0
11366,2021-04-06,Suffolk,Revere,75+ Years,4312.0,2873.0,2330.0,,,543.0
11367,2021-04-06,Suffolk,Revere,Total,60849.0,20535.0,11637.0,,,8898.0
13720,2021-04-13,Suffolk,Revere,0-19 Years,13297.0,471.0,139.0,,,332.0
13721,2021-04-13,Suffolk,Revere,20-29 Years,8303.0,2703.0,1235.0,,,1468.0
13722,2021-04-13,Suffolk,Revere,30-49 Years,17705.0,7586.0,3742.0,,,3844.0
13723,2021-04-13,Suffolk,Revere,50-64 Years,12184.0,6649.0,3826.0,,,2823.0
13724,2021-04-13,Suffolk,Revere,65-74 Years,5047.0,3718.0,2994.0,,,724.0
13725,2021-04-13,Suffolk,Revere,75+ Years,4312.0,2926.0,2429.0,,,497.0
13726,2021-04-13,Suffolk,Revere,Total,60849.0,24053.0,14365.0,,,9688.0
16079,2021-04-20,Suffolk,Revere,0-19 Years,13297.0,657.0,175.0,,,482.0
16080,2021-04-20,Suffolk,Revere,20-29 Years,8303.0,3251.0,1482.0,,,1769.0
16081,2021-04-20,Suffolk,Revere,30-49 Years,17705.0,8894.0,4410.0,,,4484.0
16082,2021-04-20,Suffolk,Revere,50-64 Years,12184.0,7313.0,4466.0,,,2847.0
16083,2021-04-20,Suffolk,Revere,65-74 Years,5047.0,3795.0,3191.0,,,604.0
16084,2021-04-20,Suffolk,Revere,75+ Years,4312.0,2948.0,2475.0,,,473.0
16085,2021-04-20,Suffolk,Revere,Total,60849.0,26858.0,16199.0,,,10659.0
18438,2021-04-27,Suffolk,Revere,0-19 Years,13297.0,858.0,278.0,,,580.0
18439,2021-04-27,Suffolk,Revere,20-29 Years,8303.0,3762.0,1923.0,,,1839.0
18440,2021-04-27,Suffolk,Revere,30-49 Years,17705.0,9902.0,5564.0,,,4338.0
18441,2021-04-27,Suffolk,Revere,50-64 Years,12184.0,7797.0,5320.0,,,2477.0
18442,2021-04-27,Suffolk,Revere,65-74 Years,5047.0,3882.0,3368.0,,,514.0
18443,2021-04-27,Suffolk,Revere,75+ Years,4312.0,2980.0,2559.0,,,421.0
18444,2021-04-27,Suffolk,Revere,Total,60849.0,29181.0,19012.0,,,10169.0
20797,2021-05-04,Suffolk,Revere,0-19 Years,13297.0,1100.0,412.0,,,688.0
20798,2021-05-04,Suffolk,Revere,20-29 Years,8303.0,4268.0,2412.0,,,1856.0
20799,2021-05-04,Suffolk,Revere,30-49 Years,17705.0,10888.0,6843.0,,,4045.0
20800,2021-05-04,Suffolk,Revere,50-64 Years,12184.0,8169.0,6088.0,,,2081.0
20801,2021-05-04,Suffolk,Revere,65-74 Years,5047.0,3952.0,3468.0,,,484.0
20802,2021-05-04,Suffolk,Revere,75+ Years,4312.0,2995.0,2586.0,,,409.0
20803,2021-05-04,Suffolk,Revere,Total,60849.0,31372.0,21809.0,,,9563.0
23156,2021-05-11,Suffolk,Revere,0-19 Years,13297.0,1283.0,591.0,,,692.0
23157,2021-05-11,Suffolk,Revere,20-29 Years,8303.0,4680.0,2938.0,,,1742.0
23158,2021-05-11,Suffolk,Revere,30-49 Years,17705.0,11650.0,8115.0,,,3535.0
23159,2021-05-11,Suffolk,Revere,50-64 Years,12184.0,8498.0,6748.0,,,1750.0
23160,2021-05-11,Suffolk,Revere,65-74 Years,5047.0,4004.0,3559.0,,,445.0
23161,2021-05-11,Suffolk,Revere,75+ Years,4312.0,3020.0,2608.0,,,412.0
23162,2021-05-11,Suffolk,Revere,Total,60849.0,33135.0,24559.0,,,8576.0
25790,2021-05-18,Suffolk,Revere,12-15 Years,2613.0,338.0,,,,338.0
25791,2021-05-18,Suffolk,Revere,16-19 Years,2844.0,1447.0,758.0,,,689.0
25792,2021-05-18,Suffolk,Revere,20-29 Years,8303.0,5015.0,3346.0,,,1669.0
25793,2021-05-18,Suffolk,Revere,30-49 Years,17705.0,12304.0,9006.0,,,3298.0
25794,2021-05-18,Suffolk,Revere,50-64 Years,12184.0,8790.0,7171.0,,,1619.0
25795,2021-05-18,Suffolk,Revere,65-74 Years,5047.0,4037.0,3610.0,,,427.0
25796,2021-05-18,Suffolk,Revere,75+ Years,4312.0,3043.0,2625.0,,,418.0
25797,2021-05-18,Suffolk,Revere,Total,60849.0,34974.0,,,,8458.0
28478,2021-05-25,Suffolk,Revere,12-15 Years,2613.0,704.0,,,,704.0
28479,2021-05-25,Suffolk,Revere,16-19 Years,2844.0,1590.0,978.0,,,612.0
28480,2021-05-25,Suffolk,Revere,20-29 Years,8303.0,5304.0,3825.0,,,1479.0
28481,2021-05-25,Suffolk,Revere,30-49 Years,17705.0,12908.0,9994.0,,,2914.0
28482,2021-05-25,Suffolk,Revere,50-64 Years,12184.0,9018.0,7614.0,,,1404.0
28483,2021-05-25,Suffolk,Revere,65-74 Years,5047.0,4085.0,3685.0,,,400.0
28484,2021-05-25,Suffolk,Revere,75+ Years,4312.0,3063.0,2657.0,,,406.0
28485,2021-05-25,Suffolk,Revere,Total,60849.0,36672.0,,,,7919.0
31174,2021-06-01,Suffolk,Revere,12-15 Years,2613.0,1026.0,,,,1026.0
31175,2021-06-01,Suffolk,Revere,16-19 Years,2844.0,1688.0,1158.0,,,530.0
31176,2021-06-01,Suffolk,Revere,20-29 Years,8303.0,5540.0,4261.0,,,1279.0
31177,2021-06-01,Suffolk,Revere,30-49 Years,17705.0,13265.0,10819.0,,,2446.0
31178,2021-06-01,Suffolk,Revere,50-64 Years,12184.0,9185.0,7960.0,,,1225.0
31179,2021-06-01,Suffolk,Revere,65-74 Years,5047.0,4118.0,3755.0,,,363.0
31180,2021-06-01,Suffolk,Revere,75+ Years,4312.0,3071.0,2681.0,,,390.0
31181,2021-06-01,Suffolk,Revere,Total,60849.0,37893.0,,,,7259.0
33870,2021-06-08,Suffolk,Revere,12-15 Years,2613.0,1185.0,294.0,,,891.0
33871,2021-06-08,Suffolk,Revere,16-19 Years,2844.0,1788.0,1318.0,,,470.0
33872,2021-06-08,Suffolk,Revere,20-29 Years,8303.0,5786.0,4625.0,,,1161.0
33873,2021-06-08,Suffolk,Revere,30-49 Years,17705.0,13697.0,11491.0,,,2206.0
33874,2021-06-08,Suffolk,Revere,50-64 Years,12184.0,9330.0,8232.0,,,1098.0
33875,2021-06-08,Suffolk,Revere,65-74 Years,5047.0,4151.0,3796.0,,,355.0
33876,2021-06-08,Suffolk,Revere,75+ Years,4312.0,3082.0,2697.0,,,385.0
33877,2021-06-08,Suffolk,Revere,Total,60849.0,39019.0,32453.0,,,6566.0
36566,2021-06-15,Suffolk,Revere,12-15 Years,2613.0,1305.0,655.0,,,650.0
36567,2021-06-15,Suffolk,Revere,16-19 Years,2844.0,1845.0,1437.0,,,408.0
36568,2021-06-15,Suffolk,Revere,20-29 Years,8303.0,5948.0,4871.0,,,1077.0
36569,2021-06-15,Suffolk,Revere,30-49 Years,17705.0,13967.0,12007.0,,,1960.0
36570,2021-06-15,Suffolk,Revere,50-64 Years,12184.0,9412.0,8403.0,,,1009.0
36571,2021-06-15,Suffolk,Revere,65-74 Years,5047.0,4171.0,3837.0,,,334.0
36572,2021-06-15,Suffolk,Revere,75+ Years,4312.0,3090.0,2708.0,,,382.0
36573,2021-06-15,Suffolk,Revere,Total,60849.0,39738.0,33918.0,,,5820.0
39262,2021-06-22,Suffolk,Revere,12-15 Years,2613.0,1398.0,978.0,,,420.0
39263,2021-06-22,Suffolk,Revere,16-19 Years,2844.0,1898.0,1526.0,,,372.0
39264,2021-06-22,Suffolk,Revere,20-29 Years,8303.0,6073.0,5065.0,,,1008.0
39265,2021-06-22,Suffolk,Revere,30-49 Years,17705.0,14228.0,12379.0,,,1849.0
39266,2021-06-22,Suffolk,Revere,50-64 Years,12184.0,9502.0,8537.0,,,965.0
39267,2021-06-22,Suffolk,Revere,65-74 Years,5047.0,4188.0,3868.0,,,320.0
39268,2021-06-22,Suffolk,Revere,75+ Years,4312.0,3095.0,2717.0,,,378.0
39269,2021-06-22,Suffolk,Revere,Total,60849.0,40382.0,35070.0,,,5312.0
41958,2021-06-29,Suffolk,Revere,12-15 Years,2613.0,1458.0,1102.0,,,356.0
41959,2021-06-29,Suffolk,Revere,16-19 Years,2844.0,1936.0,1616.0,,,320.0
41960,2021-06-29,Suffolk,Revere,20-29 Years,8303.0,6157.0,5229.0,,,928.0
41961,2021-06-29,Suffolk,Revere,30-49 Years,17705.0,14399.0,12683.0,,,1716.0
41962,2021-06-29,Suffolk,Revere,50-64 Years,12184.0,9591.0,8653.0,,,938.0
41963,2021-06-29,Suffolk,Revere,65-74 Years,5047.0,4209.0,3888.0,,,321.0
41964,2021-06-29,Suffolk,Revere,75+ Years,4312.0,3101.0,2723.0,,,378.0
41965,2021-06-29,Suffolk,Revere,Total,60849.0,40851.0,35894.0,,,4957.0
44654,2021-07-06,Suffolk,Revere,12-15 Years,2613.0,1495.0,1186.0,,,309.0
44655,2021-07-06,Suffolk,Revere,16-19 Years,2844.0,1975.0,1665.0,,,310.0
44656,2021-07-06,Suffolk,Revere,20-29 Years,8303.0,6242.0,5341.0,,,901.0
44657,2021-07-06,Suffolk,Revere,30-49 Years,17705.0,14540.0,12875.0,,,1665.0
44658,2021-07-06,Suffolk,Revere,50-64 Years,12184.0,9644.0,8725.0,,,919.0
44659,2021-07-06,Suffolk,Revere,65-74 Years,5047.0,4226.0,3911.0,,,315.0
44660,2021-07-06,Suffolk,Revere,75+ Years,4312.0,3105.0,2726.0,,,379.0
44661,2021-07-06,Suffolk,Revere,Total,60849.0,41227.0,36429.0,,,4798.0
47350,2021-07-13,Suffolk,Revere,12-15 Years,2613.0,1552.0,1261.0,,,291.0
47351,2021-07-13,Suffolk,Revere,16-19 Years,2844.0,2013.0,1705.0,,,308.0
47352,2021-07-13,Suffolk,Revere,20-29 Years,8303.0,6332.0,5446.0,,,886.0
47353,2021-07-13,Suffolk,Revere,30-49 Years,17705.0,14692.0,13030.0,,,1662.0
47354,2021-07-13,Suffolk,Revere,50-64 Years,12184.0,9692.0,8783.0,,,909.0
47355,2021-07-13,Suffolk,Revere,65-74 Years,5047.0,4243.0,3922.0,,,321.0
47356,2021-07-13,Suffolk,Revere,75+ Years,4312.0,3112.0,2736.0,,,376.0
47357,2021-07-13,Suffolk,Revere,Total,60849.0,41636.0,36883.0,,,4753.0
50046,2021-07-20,Suffolk,Revere,12-15 Years,2613.0,1620.0,1335.0,,,285.0
50047,2021-07-20,Suffolk,Revere,16-19 Years,2844.0,2048.0,1742.0,,,306.0
50048,2021-07-20,Suffolk,Revere,20-29 Years,8303.0,6415.0,5521.0,,,894.0
50049,2021-07-20,Suffolk,Revere,30-49 Years,17705.0,14796.0,13149.0,,,1647.0
50050,2021-07-20,Suffolk,Revere,50-64 Years,12184.0,9746.0,8848.0,,,898.0
50051,2021-07-20,Suffolk,Revere,65-74 Years,5047.0,4258.0,3937.0,,,321.0
50052,2021-07-20,Suffolk,Revere,75+ Years,4312.0,3124.0,2743.0,,,381.0
50053,2021-07-20,Suffolk,Revere,Total,60849.0,42007.0,37275.0,,,4732.0
52742,2021-07-27,Suffolk,Revere,12-15 Years,2613.0,1671.0,1365.0,,,306.0
52743,2021-07-27,Suffolk,Revere,16-19 Years,2844.0,2077.0,1770.0,,,307.0
52744,2021-07-27,Suffolk,Revere,20-29 Years,8303.0,6495.0,5587.0,,,908.0
52745,2021-07-27,Suffolk,Revere,30-49 Years,17705.0,14922.0,13275.0,,,1647.0
52746,2021-07-27,Suffolk,Revere,50-64 Years,12184.0,9800.0,8902.0,,,898.0
52747,2021-07-27,Suffolk,Revere,65-74 Years,5047.0,4271.0,3945.0,,,326.0
52748,2021-07-27,Suffolk,Revere,75+ Years,4312.0,3132.0,2748.0,,,384.0
52749,2021-07-27,Suffolk,Revere,Total,60849.0,42368.0,37592.0,,,4776.0
55438,2021-08-03,Suffolk,Revere,12-15 Years,2613.0,1730.0,1403.0,,,327.0
55439,2021-08-03,Suffolk,Revere,16-19 Years,2844.0,2120.0,1792.0,,,328.0
55440,2021-08-03,Suffolk,Revere,20-29 Years,8303.0,6599.0,5657.0,,,942.0
55441,2021-08-03,Suffolk,Revere,30-49 Years,17705.0,15083.0,13394.0,,,1689.0
55442,2021-08-03,Suffolk,Revere,50-64 Years,12184.0,9868.0,8942.0,,,926.0
55443,2021-08-03,Suffolk,Revere,65-74 Years,5047.0,4288.0,3962.0,,,326.0
55444,2021-08-03,Suffolk,Revere,75+ Years,4312.0,3136.0,2753.0,,,383.0
55445,2021-08-03,Suffolk,Revere,Total,60849.0,42824.0,37903.0,,,4921.0
58134,2021-08-10,Suffolk,Revere,12-15 Years,2613.0,1795.0,1454.0,,,341.0
58135,2021-08-10,Suffolk,Revere,16-19 Years,2844.0,2152.0,1820.0,,,332.0
58136,2021-08-10,Suffolk,Revere,20-29 Years,8303.0,6706.0,5726.0,,,980.0
58137,2021-08-10,Suffolk,Revere,30-49 Years,17705.0,15240.0,13483.0,,,1757.0
58138,2021-08-10,Suffolk,Revere,50-64 Years,12184.0,9918.0,8982.0,,,936.0
58139,2021-08-10,Suffolk,Revere,65-74 Years,5047.0,4302.0,3979.0,,,323.0
58140,2021-08-10,Suffolk,Revere,75+ Years,4312.0,3145.0,2758.0,,,387.0
58141,2021-08-10,Suffolk,Revere,Total,60849.0,43258.0,38202.0,,,5056.0
60830,2021-08-17,Suffolk,Revere,12-15 Years,2613.0,1856.0,1508.0,,,348.0
60831,2021-08-17,Suffolk,Revere,16-19 Years,2844.0,2201.0,1853.0,,,348.0
60832,2021-08-17,Suffolk,Revere,20-29 Years,8303.0,6813.0,5801.0,,,1012.0
60833,2021-08-17,Suffolk,Revere,30-49 Years,17705.0,15390.0,13588.0,,,1802.0
60834,2021-08-17,Suffolk,Revere,50-64 Years,12184.0,9966.0,9034.0,,,932.0
60835,2021-08-17,Suffolk,Revere,65-74 Years,5047.0,4315.0,3998.0,,,317.0
60836,2021-08-17,Suffolk,Revere,75+ Years,4312.0,3158.0,2767.0,,,391.0
60837,2021-08-17,Suffolk,Revere,Total,60849.0,43699.0,38549.0,,,5150.0
63526,2021-08-24,Suffolk,Revere,12-15 Years,2613.0,1912.0,1561.0,,,351.0
63527,2021-08-24,Suffolk,Revere,16-19 Years,2844.0,2235.0,1890.0,,,345.0
63528,2021-08-24,Suffolk,Revere,20-29 Years,8303.0,6900.0,5876.0,,,1024.0
63529,2021-08-24,Suffolk,Revere,30-49 Years,17705.0,15527.0,13722.0,,,1805.0
63530,2021-08-24,Suffolk,Revere,50-64 Years,12184.0,10000.0,9085.0,,,915.0
63531,2021-08-24,Suffolk,Revere,65-74 Years,5047.0,4331.0,4012.0,,,319.0
63532,2021-08-24,Suffolk,Revere,75+ Years,4312.0,3170.0,2783.0,,,387.0
63533,2021-08-24,Suffolk,Revere,Total,60849.0,44075.0,38929.0,,,5146.0
66222,2021-08-31,Suffolk,Revere,12-15 Years,2613.0,1967.0,1624.0,,,343.0
66223,2021-08-31,Suffolk,Revere,16-19 Years,2844.0,2264.0,1920.0,,,344.0
66224,2021-08-31,Suffolk,Revere,20-29 Years,8303.0,6999.0,5968.0,,,1031.0
66225,2021-08-31,Suffolk,Revere,30-49 Years,17705.0,15657.0,13864.0,,,1793.0
66226,2021-08-31,Suffolk,Revere,50-64 Years,12184.0,10047.0,9155.0,,,892.0
66227,2021-08-31,Suffolk,Revere,65-74 Years,5047.0,4345.0,4028.0,,,317.0
66228,2021-08-31,Suffolk,Revere,75+ Years,4312.0,3182.0,2796.0,,,386.0
66229,2021-08-31,Suffolk,Revere,Total,60849.0,44461.0,39355.0,,,5106.0
68918,2021-09-07,Suffolk,Revere,12-15 Years,2613.0,1996.0,1667.0,,,329.0
68919,2021-09-07,Suffolk,Revere,16-19 Years,2844.0,2278.0,1949.0,,,329.0
68920,2021-09-07,Suffolk,Revere,20-29 Years,8303.0,7067.0,6058.0,,,1009.0
68921,2021-09-07,Suffolk,Revere,30-49 Years,17705.0,15780.0,13996.0,,,1784.0
68922,2021-09-07,Suffolk,Revere,50-64 Years,12184.0,10099.0,9187.0,,,912.0
68923,2021-09-07,Suffolk,Revere,65-74 Years,5047.0,4355.0,4038.0,,,317.0
68924,2021-09-07,Suffolk,Revere,75+ Years,4312.0,3180.0,2796.0,,,384.0
68925,2021-09-07,Suffolk,Revere,Total,60849.0,44755.0,39691.0,,,5064.0
71614,2021-09-14,Suffolk,Revere,12-15 Years,2613.0,2024.0,1727.0,,,297.0
71615,2021-09-14,Suffolk,Revere,16-19 Years,2844.0,2301.0,1981.0,,,320.0
71616,2021-09-14,Suffolk,Revere,20-29 Years,8303.0,7144.0,6137.0,,,1007.0
71617,2021-09-14,Suffolk,Revere,30-49 Years,17705.0,15908.0,14123.0,,,1785.0
71618,2021-09-14,Suffolk,Revere,50-64 Years,12184.0,10141.0,9230.0,,,911.0
71619,2021-09-14,Suffolk,Revere,65-74 Years,5047.0,4360.0,4042.0,,,318.0
71620,2021-09-14,Suffolk,Revere,75+ Years,4312.0,3188.0,2807.0,,,381.0
71621,2021-09-14,Suffolk,Revere,Total,60849.0,45066.0,40047.0,,,5019.0
74310,2021-09-21,Suffolk,Revere,12-15 Years,2613.0,2048.0,1767.0,,,281.0
74311,2021-09-21,Suffolk,Revere,16-19 Years,2844.0,2318.0,2007.0,,,311.0
74312,2021-09-21,Suffolk,Revere,20-29 Years,8303.0,7228.0,6215.0,,,1013.0
74313,2021-09-21,Suffolk,Revere,30-49 Years,17705.0,16051.0,14252.0,,,1799.0
74314,2021-09-21,Suffolk,Revere,50-64 Years,12184.0,10189.0,9284.0,,,905.0
74315,2021-09-21,Suffolk,Revere,65-74 Years,5047.0,4369.0,4061.0,,,308.0
74316,2021-09-21,Suffolk,Revere,75+ Years,4312.0,3186.0,2807.0,,,379.0
74317,2021-09-21,Suffolk,Revere,Total,60849.0,45389.0,40393.0,,,4996.0
77006,2021-09-28,Suffolk,Revere,12-15 Years,2613.0,2070.0,1793.0,,,277.0
77007,2021-09-28,Suffolk,Revere,16-19 Years,2844.0,2338.0,2022.0,,,316.0
77008,2021-09-28,Suffolk,Revere,20-29 Years,8303.0,7285.0,6272.0,,,1013.0
77009,2021-09-28,Suffolk,Revere,30-49 Years,17705.0,16151.0,14336.0,,,1815.0
77010,2021-09-28,Suffolk,Revere,50-64 Years,12184.0,10212.0,9305.0,,,907.0
77011,2021-09-28,Suffolk,Revere,65-74 Years,5047.0,4380.0,4070.0,,,310.0
77012,2021-09-28,Suffolk,Revere,75+ Years,4312.0,3197.0,2814.0,,,383.0
77013,2021-09-28,Suffolk,Revere,Total,60849.0,45633.0,40612.0,,,5021.0
79702,2021-10-05,Suffolk,Revere,12-15 Years,2613.0,2091.0,1808.0,,,283.0
79703,2021-10-05,Suffolk,Revere,16-19 Years,2844.0,2353.0,2036.0,,,317.0
79704,2021-10-05,Suffolk,Revere,20-29 Years,8303.0,7343.0,6334.0,,,1009.0
79705,2021-10-05,Suffolk,Revere,30-49 Years,17705.0,16235.0,14448.0,,,1787.0
79706,2021-10-05,Suffolk,Revere,50-64 Years,12184.0,10252.0,9346.0,,,906.0
79707,2021-10-05,Suffolk,Revere,65-74 Years,5047.0,4410.0,4086.0,,,324.0
79708,2021-10-05,Suffolk,Revere,75+ Years,4312.0,3229.0,2825.0,,,404.0
79709,2021-10-05,Suffolk,Revere,Total,60849.0,45913.0,40883.0,,,5030.0
82398,2021-10-12,Suffolk,Revere,12-15 Years,2613.0,2106.0,1829.0,,,277.0
82399,2021-10-12,Suffolk,Revere,16-19 Years,2844.0,2367.0,2052.0,,,315.0
82400,2021-10-12,Suffolk,Revere,20-29 Years,8303.0,7394.0,6401.0,,,993.0
82401,2021-10-12,Suffolk,Revere,30-49 Years,17705.0,16331.0,14574.0,,,1757.0
82402,2021-10-12,Suffolk,Revere,50-64 Years,12184.0,10301.0,9406.0,,,895.0
82403,2021-10-12,Suffolk,Revere,65-74 Years,5047.0,4418.0,4085.0,,,333.0
82404,2021-10-12,Suffolk,Revere,75+ Years,4312.0,3250.0,2838.0,,,412.0
82405,2021-10-12,Suffolk,Revere,Total,60849.0,46167.0,41185.0,,,4982.0
85094,2021-10-19,Suffolk,Revere,12-15 Years,2613.0,2116.0,1848.0,,,268.0
85095,2021-10-19,Suffolk,Revere,16-19 Years,2844.0,2381.0,2068.0,,,313.0
85096,2021-10-19,Suffolk,Revere,20-29 Years,8303.0,7452.0,6456.0,,,996.0
85097,2021-10-19,Suffolk,Revere,30-49 Years,17705.0,16403.0,14650.0,,,1753.0
85098,2021-10-19,Suffolk,Revere,50-64 Years,12184.0,10341.0,9443.0,,,898.0
85099,2021-10-19,Suffolk,Revere,65-74 Years,5047.0,4446.0,4097.0,,,349.0
85100,2021-10-19,Suffolk,Revere,75+ Years,4312.0,3281.0,2842.0,,,439.0
85101,2021-10-19,Suffolk,Revere,Total,60849.0,46420.0,41404.0,,,5016.0
87790,2021-10-26,Suffolk,Revere,12-15 Years,2613.0,2129.0,1856.0,,,273.0
87791,2021-10-26,Suffolk,Revere,16-19 Years,2844.0,2383.0,2076.0,,,307.0
87792,2021-10-26,Suffolk,Revere,20-29 Years,8303.0,7524.0,6509.0,,,1015.0
87793,2021-10-26,Suffolk,Revere,30-49 Years,17705.0,16502.0,14743.0,,,1759.0
87794,2021-10-26,Suffolk,Revere,50-64 Years,12184.0,10376.0,9474.0,,,902.0
87795,2021-10-26,Suffolk,Revere,65-74 Years,5047.0,4485.0,4108.0,,,377.0
87796,2021-10-26,Suffolk,Revere,75+ Years,4312.0,3302.0,2841.0,,,461.0
87797,2021-10-26,Suffolk,Revere,Total,60849.0,46701.0,41607.0,,,5094.0
90486,2021-11-02,Suffolk,Revere,12-15 Years,2613.0,2137.0,1869.0,,,268.0
90487,2021-11-02,Suffolk,Revere,16-19 Years,2844.0,2392.0,2087.0,,,305.0
90488,2021-11-02,Suffolk,Revere,20-29 Years,8303.0,7587.0,6546.0,,,1041.0
90489,2021-11-02,Suffolk,Revere,30-49 Years,17705.0,16576.0,14811.0,,,1765.0
90490,2021-11-02,Suffolk,Revere,50-64 Years,12184.0,10443.0,9510.0,,,933.0
90491,2021-11-02,Suffolk,Revere,65-74 Years,5047.0,4555.0,4105.0,,,450.0
90492,2021-11-02,Suffolk,Revere,75+ Years,4312.0,3333.0,2853.0,,,480.0
90493,2021-11-02,Suffolk,Revere,Total,60849.0,47023.0,41781.0,,,5242.0
93457,2021-11-09,Suffolk,Revere,5-11 Years,4263.0,56.0,,,,56.0
93458,2021-11-09,Suffolk,Revere,12-15 Years,2613.0,2153.0,1880.0,,,273.0
93459,2021-11-09,Suffolk,Revere,16-19 Years,2844.0,2397.0,2097.0,,,300.0
93460,2021-11-09,Suffolk,Revere,20-29 Years,8303.0,7650.0,6599.0,,,1051.0
93461,2021-11-09,Suffolk,Revere,30-49 Years,17705.0,16655.0,14841.0,,,1814.0
93462,2021-11-09,Suffolk,Revere,50-64 Years,12184.0,10549.0,9559.0,,,990.0
93463,2021-11-09,Suffolk,Revere,65-74 Years,5047.0,4631.0,4129.0,,,502.0
93464,2021-11-09,Suffolk,Revere,75+ Years,4312.0,3354.0,2868.0,,,486.0
93465,2021-11-09,Suffolk,Revere,Total,60849.0,47445.0,41973.0,,,5472.0
96490,2021-11-16,Suffolk,Revere,5-11 Years,4263.0,233.0,,,,233.0
96491,2021-11-16,Suffolk,Revere,12-15 Years,2613.0,2168.0,1895.0,,,273.0
96492,2021-11-16,Suffolk,Revere,16-19 Years,2844.0,2407.0,2103.0,,,304.0
96493,2021-11-16,Suffolk,Revere,20-29 Years,8303.0,7713.0,6643.0,,,1070.0
96494,2021-11-16,Suffolk,Revere,30-49 Years,17705.0,16777.0,14968.0,,,1809.0
96495,2021-11-16,Suffolk,Revere,50-64 Years,12184.0,10642.0,9631.0,,,1011.0
96496,2021-11-16,Suffolk,Revere,65-74 Years,5047.0,4714.0,4184.0,,,530.0
96497,2021-11-16,Suffolk,Revere,75+ Years,4312.0,3392.0,2913.0,,,479.0
96498,2021-11-16,Suffolk,Revere,Total,60849.0,48046.0,42337.0,,,5709.0
99523,2021-11-23,Suffolk,Revere,5-11 Years,4263.0,563.0,,,,563.0
99524,2021-11-23,Suffolk,Revere,12-15 Years,2613.0,2192.0,1908.0,,,284.0
99525,2021-11-23,Suffolk,Revere,16-19 Years,2844.0,2412.0,2115.0,,,297.0
99526,2021-11-23,Suffolk,Revere,20-29 Years,8303.0,7758.0,6686.0,,,1072.0
99527,2021-11-23,Suffolk,Revere,30-49 Years,17705.0,16845.0,15026.0,,,1819.0
99528,2021-11-23,Suffolk,Revere,50-64 Years,12184.0,10721.0,9660.0,,,1061.0
99529,2021-11-23,Suffolk,Revere,65-74 Years,5047.0,4778.0,4188.0,,,590.0
99530,2021-11-23,Suffolk,Revere,75+ Years,4312.0,3418.0,2931.0,,,487.0
99531,2021-11-23,Suffolk,Revere,Total,60849.0,48687.0,42514.0,,,6173.0
102556,2021-11-30,Suffolk,Revere,5-11 Years,4263.0,626.0,36.0,,,590.0
102557,2021-11-30,Suffolk,Revere,12-15 Years,2613.0,2198.0,1918.0,,,280.0
102558,2021-11-30,Suffolk,Revere,16-19 Years,2844.0,2418.0,2125.0,,,293.0
102559,2021-11-30,Suffolk,Revere,20-29 Years,8303.0,7812.0,6717.0,,,1095.0
102560,2021-11-30,Suffolk,Revere,30-49 Years,17705.0,16942.0,15078.0,,,1864.0
102561,2021-11-30,Suffolk,Revere,50-64 Years,12184.0,10773.0,9680.0,,,1093.0
102562,2021-11-30,Suffolk,Revere,65-74 Years,5047.0,4806.0,4191.0,,,615.0
102563,2021-11-30,Suffolk,Revere,75+ Years,4312.0,3443.0,2947.0,,,496.0
102564,2021-11-30,Suffolk,Revere,Total,60849.0,49018.0,42692.0,,,6326.0
105589,2021-12-07,Suffolk,Revere,5-11 Years,4263.0,809.0,165.0,,,644.0
105590,2021-12-07,Suffolk,Revere,12-15 Years,2613.0,2206.0,1924.0,,,282.0
105591,2021-12-07,Suffolk,Revere,16-19 Years,2844.0,2423.0,2129.0,,,294.0
105592,2021-12-07,Suffolk,Revere,20-29 Years,8303.0,7836.0,6758.0,,,1078.0
105593,2021-12-07,Suffolk,Revere,30-49 Years,17705.0,16998.0,15139.0,,,1859.0
105594,2021-12-07,Suffolk,Revere,50-64 Years,12184.0,10708.0,9709.0,,,999.0
105595,2021-12-07,Suffolk,Revere,65-74 Years,5047.0,4663.0,4192.0,,,471.0
105596,2021-12-07,Suffolk,Revere,75+ Years,4312.0,3441.0,2955.0,,,486.0
105597,2021-12-07,Suffolk,Revere,Total,60849.0,49084.0,42971.0,,,6113.0
108622,2021-12-14,Suffolk,Revere,5-11 Years,4263.0,1014.0,436.0,,,578.0
108623,2021-12-14,Suffolk,Revere,12-15 Years,2613.0,2221.0,1937.0,,,284.0
108624,2021-12-14,Suffolk,Revere,16-19 Years,2844.0,2434.0,2133.0,,,301.0
108625,2021-12-14,Suffolk,Revere,20-29 Years,8303.0,7904.0,6798.0,,,1106.0
108626,2021-12-14,Suffolk,Revere,30-49 Years,17705.0,17137.0,15211.0,,,1926.0
108627,2021-12-14,Suffolk,Revere,50-64 Years,12184.0,10776.0,9733.0,,,1043.0
108628,2021-12-14,Suffolk,Revere,65-74 Years,5047.0,4671.0,4191.0,,,480.0
108629,2021-12-14,Suffolk,Revere,75+ Years,4312.0,3453.0,2966.0,,,487.0
108630,2021-12-14,Suffolk,Revere,Total,60849.0,49610.0,43405.0,,,6205.0
111655,2021-12-21,Suffolk,Revere,5-11 Years,4263.0,1155.0,514.0,,,641.0
111656,2021-12-21,Suffolk,Revere,12-15 Years,2613.0,2237.0,1951.0,1.0,,286.0
111657,2021-12-21,Suffolk,Revere,16-19 Years,2844.0,2450.0,2134.0,148.0,,316.0
111658,2021-12-21,Suffolk,Revere,20-29 Years,8303.0,7981.0,6816.0,878.0,,1165.0
111659,2021-12-21,Suffolk,Revere,30-49 Years,17705.0,17255.0,15240.0,3037.0,,2015.0
111660,2021-12-21,Suffolk,Revere,50-64 Years,12184.0,10847.0,9753.0,3282.0,,1094.0
111661,2021-12-21,Suffolk,Revere,65-74 Years,5047.0,4693.0,4202.0,2236.0,,491.0
111662,2021-12-21,Suffolk,Revere,75+ Years,4312.0,3471.0,2973.0,1767.0,,498.0
111663,2021-12-21,Suffolk,Revere,Total,60849.0,50089.0,43583.0,11349.0,,6506.0
114688,2021-12-28,Suffolk,Revere,5-11 Years,4263.0,1232.0,593.0,,,639.0
114689,2021-12-28,Suffolk,Revere,12-15 Years,2613.0,2254.0,1967.0,1.0,,287.0
114690,2021-12-28,Suffolk,Revere,16-19 Years,2844.0,2463.0,2141.0,198.0,,322.0
114691,2021-12-28,Suffolk,Revere,20-29 Years,8303.0,8035.0,6833.0,1028.0,,1202.0
114692,2021-12-28,Suffolk,Revere,30-49 Years,17705.0,17345.0,15289.0,3424.0,,2056.0
114693,2021-12-28,Suffolk,Revere,50-64 Years,12184.0,10871.0,9764.0,3580.0,,1107.0
114694,2021-12-28,Suffolk,Revere,65-74 Years,5047.0,4695.0,4209.0,2374.0,,486.0
114695,2021-12-28,Suffolk,Revere,75+ Years,4312.0,3468.0,2977.0,1828.0,,491.0
114696,2021-12-28,Suffolk,Revere,Total,60849.0,50363.0,43773.0,12433.0,,6590.0
117721,2022-01-04,Suffolk,Revere,5-11 Years,4263.0,1359.0,747.0,,,612.0
117722,2022-01-04,Suffolk,Revere,12-15 Years,2613.0,2281.0,1975.0,2.0,,306.0
117723,2022-01-04,Suffolk,Revere,16-19 Years,2844.0,2486.0,2150.0,252.0,,336.0
117724,2022-01-04,Suffolk,Revere,20-29 Years,8303.0,8071.0,6856.0,1174.0,,1215.0
117725,2022-01-04,Suffolk,Revere,30-49 Years,17705.0,17412.0,15307.0,3778.0,,2105.0
117726,2022-01-04,Suffolk,Revere,50-64 Years,12184.0,10932.0,9779.0,3853.0,,1153.0
117727,2022-01-04,Suffolk,Revere,65-74 Years,5047.0,4700.0,4210.0,2466.0,,490.0
117728,2022-01-04,Suffolk,Revere,75+ Years,4312.0,3469.0,2981.0,1881.0,,488.0
117729,2022-01-04,Suffolk,Revere,Total,60849.0,50710.0,44005.0,13406.0,,6705.0
120754,2022-01-11,Suffolk,Revere,5-11 Years,4263.0,1508.0,902.0,,,606.0
120755,2022-01-11,Suffolk,Revere,12-15 Years,2613.0,2304.0,1989.0,17.0,,315.0
120756,2022-01-11,Suffolk,Revere,16-19 Years,2844.0,2511.0,2160.0,343.0,,351.0
120757,2022-01-11,Suffolk,Revere,20-29 Years,8303.0,8171.0,6891.0,1376.0,,1280.0
120758,2022-01-11,Suffolk,Revere,30-49 Years,17705.0,17544.0,15372.0,4263.0,,2172.0
120759,2022-01-11,Suffolk,Revere,50-64 Years,12184.0,10965.0,9808.0,4216.0,,1157.0
120760,2022-01-11,Suffolk,Revere,65-74 Years,5047.0,4702.0,4222.0,2579.0,,480.0
120761,2022-01-11,Suffolk,Revere,75+ Years,4312.0,3455.0,2986.0,1947.0,,469.0
120762,2022-01-11,Suffolk,Revere,Total,60849.0,51160.0,44330.0,14741.0,,6830.0
123787,2022-01-18,Suffolk,Revere,5-11 Years,4263.0,1636.0,964.0,,,672.0
123788,2022-01-18,Suffolk,Revere,12-15 Years,2613.0,2333.0,2005.0,41.0,,328.0
123789,2022-01-18,Suffolk,Revere,16-19 Years,2844.0,2564.0,2179.0,415.0,,385.0
123790,2022-01-18,Suffolk,Revere,20-29 Years,8303.0,8314.0,6924.0,1576.0,,1390.0
123791,2022-01-18,Suffolk,Revere,30-49 Years,17705.0,17761.0,15436.0,4664.0,,2325.0
123792,2022-01-18,Suffolk,Revere,50-64 Years,12184.0,11016.0,9842.0,4552.0,,1174.0
123793,2022-01-18,Suffolk,Revere,65-74 Years,5047.0,4716.0,4230.0,2685.0,,486.0
123794,2022-01-18,Suffolk,Revere,75+ Years,4312.0,3462.0,2985.0,2005.0,,477.0
123795,2022-01-18,Suffolk,Revere,Total,60849.0,51802.0,44565.0,15938.0,,7237.0
126820,2022-01-25,Suffolk,Revere,5-11 Years,4263.0,1759.0,1106.0,1.0,,653.0
126821,2022-01-25,Suffolk,Revere,12-15 Years,2613.0,2377.0,2036.0,107.0,,341.0
126822,2022-01-25,Suffolk,Revere,16-19 Years,2844.0,2598.0,2194.0,484.0,,404.0
126823,2022-01-25,Suffolk,Revere,20-29 Years,8303.0,8465.0,6976.0,1742.0,,1489.0
126824,2022-01-25,Suffolk,Revere,30-49 Years,17705.0,17966.0,15494.0,5043.0,,2472.0
126825,2022-01-25,Suffolk,Revere,50-64 Years,12184.0,11095.0,9865.0,4827.0,,1230.0
126826,2022-01-25,Suffolk,Revere,65-74 Years,5047.0,4731.0,4235.0,2767.0,,496.0
126827,2022-01-25,Suffolk,Revere,75+ Years,4312.0,3471.0,2987.0,2044.0,,484.0
126828,2022-01-25,Suffolk,Revere,Total,60849.0,52462.0,44893.0,17015.0,,7569.0
129853,2022-02-01,Suffolk,Revere,5-11 Years,4263.0,1838.0,1216.0,2.0,,622.0
129854,2022-02-01,Suffolk,Revere,12-15 Years,2613.0,2403.0,2057.0,153.0,,346.0
129855,2022-02-01,Suffolk,Revere,16-19 Years,2844.0,2615.0,2210.0,526.0,,405.0
129856,2022-02-01,Suffolk,Revere,20-29 Years,8303.0,8540.0,7016.0,1857.0,,1524.0
129857,2022-02-01,Suffolk,Revere,30-49 Years,17705.0,18080.0,15551.0,5306.0,,2529.0
129858,2022-02-01,Suffolk,Revere,50-64 Years,12184.0,11130.0,9883.0,5018.0,,1247.0
129859,2022-02-01,Suffolk,Revere,65-74 Years,5047.0,4739.0,4238.0,2818.0,,501.0
129860,2022-02-01,Suffolk,Revere,75+ Years,4312.0,3483.0,2993.0,2072.0,,490.0
129861,2022-02-01,Suffolk,Revere,Total,60849.0,52828.0,45164.0,17752.0,,7664.0
132886,2022-02-08,Suffolk,Revere,5-11 Years,4263.0,1889.0,1339.0,3.0,,550.0
132887,2022-02-08,Suffolk,Revere,12-15 Years,2613.0,2421.0,2078.0,179.0,,343.0
132888,2022-02-08,Suffolk,Revere,16-19 Years,2844.0,2633.0,2227.0,560.0,,406.0
132889,2022-02-08,Suffolk,Revere,20-29 Years,8303.0,8615.0,7073.0,1959.0,,1542.0
132890,2022-02-08,Suffolk,Revere,30-49 Years,17705.0,18195.0,15641.0,5528.0,,2554.0
132891,2022-02-08,Suffolk,Revere,50-64 Years,12184.0,11153.0,9905.0,5153.0,,1248.0
132892,2022-02-08,Suffolk,Revere,65-74 Years,5047.0,4739.0,4237.0,2863.0,,502.0
132893,2022-02-08,Suffolk,Revere,75+ Years,4312.0,3483.0,2992.0,2095.0,,491.0
132894,2022-02-08,Suffolk,Revere,Total,60849.0,53128.0,45492.0,18340.0,,7636.0
135919,2022-02-15,Suffolk,Revere,5-11 Years,4263.0,1963.0,1451.0,3.0,,512.0
135920,2022-02-15,Suffolk,Revere,12-15 Years,2613.0,2441.0,2110.0,210.0,,331.0
135921,2022-02-15,Suffolk,Revere,16-19 Years,2844.0,2646.0,2250.0,607.0,,396.0
135922,2022-02-15,Suffolk,Revere,20-29 Years,8303.0,8670.0,7114.0,2045.0,,1556.0
135923,2022-02-15,Suffolk,Revere,30-49 Years,17705.0,18316.0,15721.0,5718.0,,2595.0
135924,2022-02-15,Suffolk,Revere,50-64 Years,12184.0,11179.0,9924.0,5302.0,,1255.0
135925,2022-02-15,Suffolk,Revere,65-74 Years,5047.0,4748.0,4244.0,2893.0,,504.0
135926,2022-02-15,Suffolk,Revere,75+ Years,4312.0,3480.0,2998.0,2123.0,,482.0
135927,2022-02-15,Suffolk,Revere,Total,60849.0,53443.0,45812.0,18901.0,,7631.0
138952,2022-02-22,Suffolk,Revere,5-11 Years,4263.0,2006.0,1501.0,3.0,,505.0
138953,2022-02-22,Suffolk,Revere,12-15 Years,2613.0,2463.0,2131.0,237.0,,332.0
138954,2022-02-22,Suffolk,Revere,16-19 Years,2844.0,2666.0,2269.0,638.0,,397.0
138955,2022-02-22,Suffolk,Revere,20-29 Years,8303.0,8729.0,7163.0,2134.0,,1566.0
138956,2022-02-22,Suffolk,Revere,30-49 Years,17705.0,18395.0,15778.0,5915.0,,2617.0
138957,2022-02-22,Suffolk,Revere,50-64 Years,12184.0,11192.0,9942.0,5405.0,,1250.0
138958,2022-02-22,Suffolk,Revere,65-74 Years,5047.0,4745.0,4245.0,2933.0,,500.0
138959,2022-02-22,Suffolk,Revere,75+ Years,4312.0,3482.0,3004.0,2146.0,,478.0
138960,2022-02-22,Suffolk,Revere,Total,60849.0,53678.0,46033.0,19411.0,,7645.0
141985,2022-03-01,Suffolk,Revere,5-11 Years,4263.0,2047.0,1539.0,3.0,,508.0
141986,2022-03-01,Suffolk,Revere,12-15 Years,2613.0,2474.0,2144.0,268.0,,330.0
141987,2022-03-01,Suffolk,Revere,16-19 Years,2844.0,2667.0,2279.0,671.0,,388.0
141988,2022-03-01,Suffolk,Revere,20-29 Years,8303.0,8749.0,7210.0,2219.0,,1539.0
141989,2022-03-01,Suffolk,Revere,30-49 Years,17705.0,18414.0,15815.0,6103.0,,2599.0
141990,2022-03-01,Suffolk,Revere,50-64 Years,12184.0,11182.0,9960.0,5489.0,,1222.0
141991,2022-03-01,Suffolk,Revere,65-74 Years,5047.0,4728.0,4247.0,2983.0,,481.0
141992,2022-03-01,Suffolk,Revere,75+ Years,4312.0,3471.0,3008.0,2169.0,,463.0
141993,2022-03-01,Suffolk,Revere,Total,60849.0,53732.0,46202.0,19905.0,,7530.0
145018,2022-03-08,Suffolk,Revere,5-11 Years,4263.0,2077.0,1618.0,3.0,,459.0
145019,2022-03-08,Suffolk,Revere,12-15 Years,2613.0,2479.0,2151.0,284.0,,328.0
145020,2022-03-08,Suffolk,Revere,16-19 Years,2844.0,2685.0,2292.0,688.0,,393.0
145021,2022-03-08,Suffolk,Revere,20-29 Years,8303.0,8773.0,7233.0,2257.0,,1540.0
145022,2022-03-08,Suffolk,Revere,30-49 Years,17705.0,18431.0,15842.0,6175.0,,2589.0
145023,2022-03-08,Suffolk,Revere,50-64 Years,12184.0,11192.0,9970.0,5560.0,,1222.0
145024,2022-03-08,Suffolk,Revere,65-74 Years,5047.0,4727.0,4248.0,3000.0,,479.0
145025,2022-03-08,Suffolk,Revere,75+ Years,4312.0,3466.0,3011.0,2184.0,,455.0
145026,2022-03-08,Suffolk,Revere,Total,60849.0,53830.0,46365.0,20151.0,,7465.0
148051,2022-03-15,Suffolk,Revere,5-11 Years,4263.0,2112.0,1656.0,4.0,,456.0
148052,2022-03-15,Suffolk,Revere,12-15 Years,2613.0,2483.0,2162.0,303.0,,321.0
148053,2022-03-15,Suffolk,Revere,16-19 Years,2844.0,2691.0,2300.0,712.0,,391.0
148054,2022-03-15,Suffolk,Revere,20-29 Years,8303.0,8787.0,7238.0,2291.0,,1549.0
148055,2022-03-15,Suffolk,Revere,30-49 Years,17705.0,18451.0,15869.0,6260.0,,2582.0
148056,2022-03-15,Suffolk,Revere,50-64 Years,12184.0,11197.0,9974.0,5608.0,,1223.0
148057,2022-03-15,Suffolk,Revere,65-74 Years,5047.0,4727.0,4253.0,3016.0,,474.0
148058,2022-03-15,Suffolk,Revere,75+ Years,4312.0,3465.0,3012.0,2203.0,,453.0
148059,2022-03-15,Suffolk,Revere,Total,60849.0,53913.0,46464.0,20397.0,,7449.0
151084,2022-03-22,Suffolk,Revere,5-11 Years,4263.0,2139.0,1682.0,4.0,,457.0
151085,2022-03-22,Suffolk,Revere,12-15 Years,2613.0,2493.0,2176.0,316.0,,317.0
151086,2022-03-22,Suffolk,Revere,16-19 Years,2844.0,2694.0,2307.0,730.0,,387.0
151087,2022-03-22,Suffolk,Revere,20-29 Years,8303.0,8805.0,7253.0,2322.0,,1552.0
151088,2022-03-22,Suffolk,Revere,30-49 Years,17705.0,18470.0,15884.0,6315.0,,2586.0
151089,2022-03-22,Suffolk,Revere,50-64 Years,12184.0,11202.0,9978.0,5672.0,,1224.0
151090,2022-03-22,Suffolk,Revere,65-74 Years,5047.0,4725.0,4256.0,3035.0,,469.0
151091,2022-03-22,Suffolk,Revere,75+ Years,4312.0,3466.0,3015.0,2213.0,,451.0
151092,2022-03-22,Suffolk,Revere,Total,60849.0,53994.0,46551.0,20607.0,,7443.0
154117,2022-03-29,Suffolk,Revere,5-11 Years,4263.0,2156.0,1708.0,4.0,,448.0
154118,2022-03-29,Suffolk,Revere,12-15 Years,2613.0,2502.0,2181.0,328.0,,321.0
154119,2022-03-29,Suffolk,Revere,16-19 Years,2844.0,2698.0,2313.0,743.0,,385.0
154120,2022-03-29,Suffolk,Revere,20-29 Years,8303.0,8814.0,7270.0,2362.0,,1544.0
154121,2022-03-29,Suffolk,Revere,30-49 Years,17705.0,18477.0,15898.0,6393.0,,2579.0
154122,2022-03-29,Suffolk,Revere,50-64 Years,12184.0,11209.0,9989.0,5733.0,,1220.0
154123,2022-03-29,Suffolk,Revere,65-74 Years,5047.0,4727.0,4259.0,3058.0,,468.0
154124,2022-03-29,Suffolk,Revere,75+ Years,4312.0,3465.0,3018.0,2220.0,,447.0
154125,2022-03-29,Suffolk,Revere,Total,60849.0,54048.0,46636.0,20841.0,,7412.0
157150,2022-04-05,Suffolk,Revere,5-11 Years,4263.0,2178.0,1725.0,4.0,,453.0
157151,2022-04-05,Suffolk,Revere,12-15 Years,2613.0,2505.0,2191.0,338.0,,314.0
157152,2022-04-05,Suffolk,Revere,16-19 Years,2844.0,2703.0,2316.0,753.0,,387.0
157153,2022-04-05,Suffolk,Revere,20-29 Years,8303.0,8817.0,7273.0,2397.0,,1544.0
157154,2022-04-05,Suffolk,Revere,30-49 Years,17705.0,18499.0,15914.0,6438.0,,2585.0
157155,2022-04-05,Suffolk,Revere,50-64 Years,12184.0,11213.0,9995.0,5765.0,,1218.0
157156,2022-04-05,Suffolk,Revere,65-74 Years,5047.0,4731.0,4258.0,3063.0,,473.0
157157,2022-04-05,Suffolk,Revere,75+ Years,4312.0,3475.0,3021.0,2238.0,,454.0
157158,2022-04-05,Suffolk,Revere,Total,60849.0,54121.0,46693.0,20996.0,,7428.0
160183,2022-04-12,Suffolk,Revere,5-11 Years,4263.0,2199.0,1748.0,4.0,,451.0
160184,2022-04-12,Suffolk,Revere,12-15 Years,2613.0,2513.0,2196.0,346.0,,317.0
160185,2022-04-12,Suffolk,Revere,16-19 Years,2844.0,2713.0,2318.0,769.0,,395.0
160186,2022-04-12,Suffolk,Revere,20-29 Years,8303.0,8821.0,7277.0,2425.0,,1544.0
160187,2022-04-12,Suffolk,Revere,30-49 Years,17705.0,18517.0,15916.0,6485.0,,2601.0
160188,2022-04-12,Suffolk,Revere,50-64 Years,12184.0,11222.0,10006.0,5810.0,,1216.0
160189,2022-04-12,Suffolk,Revere,65-74 Years,5047.0,4734.0,4267.0,3085.0,,467.0
160190,2022-04-12,Suffolk,Revere,75+ Years,4312.0,3476.0,3027.0,2259.0,,449.0
160191,2022-04-12,Suffolk,Revere,Total,60849.0,54195.0,46755.0,21183.0,,7440.0
163216,2022-04-19,Suffolk,Revere,5-11 Years,4263.0,2209.0,1764.0,4.0,,445.0
163217,2022-04-19,Suffolk,Revere,12-15 Years,2613.0,2514.0,2201.0,357.0,,313.0
163218,2022-04-19,Suffolk,Revere,16-19 Years,2844.0,2717.0,2324.0,775.0,,393.0
163219,2022-04-19,Suffolk,Revere,20-29 Years,8303.0,8826.0,7288.0,2439.0,,1538.0
163220,2022-04-19,Suffolk,Revere,30-49 Years,17705.0,18529.0,15930.0,6533.0,,2599.0
163221,2022-04-19,Suffolk,Revere,50-64 Years,12184.0,11218.0,10005.0,5836.0,,1213.0
163222,2022-04-19,Suffolk,Revere,65-74 Years,5047.0,4731.0,4271.0,3108.0,,460.0
163223,2022-04-19,Suffolk,Revere,75+ Years,4312.0,3479.0,3032.0,2274.0,,447.0
163224,2022-04-19,Suffolk,Revere,Total,60849.0,54223.0,46815.0,21326.0,,7408.0
166249,2022-04-26,Suffolk,Revere,5-11 Years,4263.0,2223.0,1785.0,4.0,,438.0
166250,2022-04-26,Suffolk,Revere,12-15 Years,2613.0,2521.0,2206.0,373.0,,315.0
166251,2022-04-26,Suffolk,Revere,16-19 Years,2844.0,2719.0,2330.0,788.0,,389.0
166252,2022-04-26,Suffolk,Revere,20-29 Years,8303.0,8834.0,7294.0,2469.0,,1540.0
166253,2022-04-26,Suffolk,Revere,30-49 Years,17705.0,18552.0,15936.0,6574.0,,2616.0
166254,2022-04-26,Suffolk,Revere,50-64 Years,12184.0,11223.0,10012.0,5868.0,,1211.0
166255,2022-04-26,Suffolk,Revere,65-74 Years,5047.0,4727.0,4271.0,3128.0,,456.0
166256,2022-04-26,Suffolk,Revere,75+ Years,4312.0,3482.0,3036.0,2289.0,,446.0
166257,2022-04-26,Suffolk,Revere,Total,60849.0,54281.0,46870.0,21493.0,,7411.0
169282,2022-05-03,Suffolk,Revere,5-11 Years,4263.0,2243.0,1797.0,4.0,,446.0
169283,2022-05-03,Suffolk,Revere,12-15 Years,2613.0,2528.0,2216.0,383.0,,312.0
169284,2022-05-03,Suffolk,Revere,16-19 Years,2844.0,2723.0,2333.0,799.0,,390.0
169285,2022-05-03,Suffolk,Revere,20-29 Years,8303.0,8848.0,7298.0,2490.0,,1550.0
169286,2022-05-03,Suffolk,Revere,30-49 Years,17705.0,18562.0,15944.0,6602.0,,2618.0
169287,2022-05-03,Suffolk,Revere,50-64 Years,12184.0,11228.0,10012.0,5898.0,,1216.0
169288,2022-05-03,Suffolk,Revere,65-74 Years,5047.0,4727.0,4272.0,3135.0,,455.0
169289,2022-05-03,Suffolk,Revere,75+ Years,4312.0,3488.0,3041.0,2306.0,,447.0
169290,2022-05-03,Suffolk,Revere,Total,60849.0,54347.0,46913.0,21617.0,,7434.0
172315,2022-05-10,Suffolk,Revere,5-11 Years,4263.0,2268.0,1807.0,4.0,,461.0
172316,2022-05-10,Suffolk,Revere,12-15 Years,2613.0,2546.0,2227.0,395.0,,319.0
172317,2022-05-10,Suffolk,Revere,16-19 Years,2844.0,2729.0,2336.0,813.0,,393.0
172318,2022-05-10,Suffolk,Revere,20-29 Years,8303.0,8862.0,7306.0,2507.0,,1556.0
172319,2022-05-10,Suffolk,Revere,30-49 Years,17705.0,18568.0,15951.0,6635.0,,2617.0
172320,2022-05-10,Suffolk,Revere,50-64 Years,12184.0,11236.0,10012.0,5924.0,,1224.0
172321,2022-05-10,Suffolk,Revere,65-74 Years,5047.0,4726.0,4279.0,3152.0,,447.0
172322,2022-05-10,Suffolk,Revere,75+ Years,4312.0,3490.0,3052.0,2317.0,,438.0
172323,2022-05-10,Suffolk,Revere,Total,60849.0,54425.0,46970.0,21747.0,,7455.0
175348,2022-05-17,Suffolk,Revere,5-11 Years,4263.0,2284.0,1814.0,4.0,,470.0
175349,2022-05-17,Suffolk,Revere,12-15 Years,2613.0,2553.0,2228.0,402.0,,325.0
175350,2022-05-17,Suffolk,Revere,16-19 Years,2844.0,2736.0,2341.0,828.0,,395.0
175351,2022-05-17,Suffolk,Revere,20-29 Years,8303.0,8878.0,7324.0,2528.0,,1554.0
175352,2022-05-17,Suffolk,Revere,30-49 Years,17705.0,18591.0,15958.0,6673.0,,2633.0
175353,2022-05-17,Suffolk,Revere,50-64 Years,12184.0,11252.0,10023.0,5963.0,,1229.0
175354,2022-05-17,Suffolk,Revere,65-74 Years,5047.0,4742.0,4282.0,3166.0,,460.0
175355,2022-05-17,Suffolk,Revere,75+ Years,4312.0,3528.0,3059.0,2332.0,,469.0
175356,2022-05-17,Suffolk,Revere,Total,60849.0,54564.0,47029.0,21896.0,,7535.0
178381,2022-05-24,Suffolk,Revere,5-11 Years,4263.0,2302.0,1828.0,10.0,,474.0
178382,2022-05-24,Suffolk,Revere,12-15 Years,2613.0,2564.0,2233.0,413.0,,331.0
178383,2022-05-24,Suffolk,Revere,16-19 Years,2844.0,2740.0,2345.0,840.0,,395.0
178384,2022-05-24,Suffolk,Revere,20-29 Years,8303.0,8884.0,7323.0,2552.0,,1561.0
178385,2022-05-24,Suffolk,Revere,30-49 Years,17705.0,18614.0,15970.0,6731.0,,2644.0
178386,2022-05-24,Suffolk,Revere,50-64 Years,12184.0,11274.0,10041.0,6012.0,,1233.0
178387,2022-05-24,Suffolk,Revere,65-74 Years,5047.0,4762.0,4295.0,3184.0,,467.0
178388,2022-05-24,Suffolk,Revere,75+ Years,4312.0,3563.0,3077.0,2360.0,,486.0
178389,2022-05-24,Suffolk,Revere,Total,60849.0,54703.0,47112.0,22102.0,,7591.0
181414,2022-05-31,Suffolk,Revere,5-11 Years,4263.0,2308.0,1841.0,21.0,,467.0
181415,2022-05-31,Suffolk,Revere,12-15 Years,2613.0,2570.0,2232.0,423.0,,338.0
181416,2022-05-31,Suffolk,Revere,16-19 Years,2844.0,2741.0,2346.0,850.0,,395.0
181417,2022-05-31,Suffolk,Revere,20-29 Years,8303.0,8899.0,7332.0,2576.0,,1567.0
181418,2022-05-31,Suffolk,Revere,30-49 Years,17705.0,18645.0,15984.0,6770.0,,2661.0
181419,2022-05-31,Suffolk,Revere,50-64 Years,12184.0,11284.0,10048.0,6039.0,,1236.0
181420,2022-05-31,Suffolk,Revere,65-74 Years,5047.0,4767.0,4291.0,3195.0,,476.0
181421,2022-05-31,Suffolk,Revere,75+ Years,4312.0,3568.0,3081.0,2366.0,,487.0
181422,2022-05-31,Suffolk,Revere,Total,60849.0,54782.0,47155.0,22240.0,,7627.0
184447,2022-06-07,Suffolk,Revere,5-11 Years,4263.0,2323.0,1855.0,33.0,,468.0
184448,2022-06-07,Suffolk,Revere,12-15 Years,2613.0,2575.0,2236.0,434.0,,339.0
184449,2022-06-07,Suffolk,Revere,16-19 Years,2844.0,2747.0,2352.0,863.0,,395.0
184450,2022-06-07,Suffolk,Revere,20-29 Years,8303.0,8913.0,7336.0,2596.0,,1577.0
184451,2022-06-07,Suffolk,Revere,30-49 Years,17705.0,18658.0,15995.0,6837.0,,2663.0
184452,2022-06-07,Suffolk,Revere,50-64 Years,12184.0,11293.0,10051.0,6083.0,,1242.0
184453,2022-06-07,Suffolk,Revere,65-74 Years,5047.0,4764.0,4290.0,3207.0,,474.0
184454,2022-06-07,Suffolk,Revere,75+ Years,4312.0,3566.0,3079.0,2371.0,,487.0
184455,2022-06-07,Suffolk,Revere,Total,60849.0,54839.0,47194.0,22424.0,,7645.0
187480,2022-06-14,Suffolk,Revere,5-11 Years,4263.0,2332.0,1873.0,39.0,,459.0
187481,2022-06-14,Suffolk,Revere,12-15 Years,2613.0,2579.0,2251.0,446.0,,328.0
187482,2022-06-14,Suffolk,Revere,16-19 Years,2844.0,2747.0,2355.0,873.0,,392.0
187483,2022-06-14,Suffolk,Revere,20-29 Years,8303.0,8913.0,7334.0,2606.0,,1579.0
187484,2022-06-14,Suffolk,Revere,30-49 Years,17705.0,18674.0,16004.0,6880.0,,2670.0
187485,2022-06-14,Suffolk,Revere,50-64 Years,12184.0,11301.0,10059.0,6114.0,,1242.0
187486,2022-06-14,Suffolk,Revere,65-74 Years,5047.0,4767.0,4296.0,3219.0,,471.0
187487,2022-06-14,Suffolk,Revere,75+ Years,4312.0,3563.0,3080.0,2384.0,,483.0
187488,2022-06-14,Suffolk,Revere,Total,60849.0,54876.0,47252.0,22561.0,,7624.0
190513,2022-06-21,Suffolk,Revere,5-11 Years,4263.0,2346.0,1875.0,49.0,,471.0
190514,2022-06-21,Suffolk,Revere,12-15 Years,2613.0,2583.0,2254.0,455.0,,329.0
190515,2022-06-21,Suffolk,Revere,16-19 Years,2844.0,2755.0,2356.0,876.0,,399.0
190516,2022-06-21,Suffolk,Revere,20-29 Years,8303.0,8918.0,7341.0,2617.0,,1577.0
190517,2022-06-21,Suffolk,Revere,30-49 Years,17705.0,18687.0,16009.0,6916.0,,2678.0
190518,2022-06-21,Suffolk,Revere,50-64 Years,12184.0,11300.0,10059.0,6132.0,,1241.0
190519,2022-06-21,Suffolk,Revere,65-74 Years,5047.0,4775.0,4305.0,3228.0,,470.0
190520,2022-06-21,Suffolk,Revere,75+ Years,4312.0,3555.0,3079.0,2385.0,,476.0
190521,2022-06-21,Suffolk,Revere,Total,60849.0,54919.0,47278.0,22658.0,,7641.0
193821,2022-06-28,Suffolk,Revere,0-4 Years,3705.0,13.0,,,,13.0
193822,2022-06-28,Suffolk,Revere,5-11 Years,4263.0,2356.0,1889.0,67.0,,467.0
193823,2022-06-28,Suffolk,Revere,12-15 Years,2613.0,2589.0,2263.0,473.0,,326.0
193824,2022-06-28,Suffolk,Revere,16-19 Years,2844.0,2755.0,2359.0,895.0,,396.0
193825,2022-06-28,Suffolk,Revere,20-29 Years,8303.0,8932.0,7356.0,2635.0,,1576.0
193826,2022-06-28,Suffolk,Revere,30-49 Years,17704.0,18705.0,16016.0,6957.0,,2689.0
193827,2022-06-28,Suffolk,Revere,50-64 Years,12184.0,11301.0,10069.0,6155.0,,1232.0
193828,2022-06-28,Suffolk,Revere,65-74 Years,5047.0,4773.0,4307.0,3234.0,,466.0
193829,2022-06-28,Suffolk,Revere,75+ Years,4312.0,3545.0,3084.0,2395.0,,461.0
193830,2022-06-28,Suffolk,Revere,Total,60849.0,54969.0,47343.0,22811.0,,7626.0
197191,2022-07-05,Suffolk,Revere,0-4 Years,3705.0,37.0,,,,37.0
197192,2022-07-05,Suffolk,Revere,5-11 Years,4263.0,2358.0,1898.0,81.0,,460.0
197193,2022-07-05,Suffolk,Revere,12-15 Years,2613.0,2590.0,2263.0,487.0,,327.0
197194,2022-07-05,Suffolk,Revere,16-19 Years,2844.0,2757.0,2365.0,910.0,,392.0
197195,2022-07-05,Suffolk,Revere,20-29 Years,8303.0,8949.0,7370.0,2650.0,,1579.0
197196,2022-07-05,Suffolk,Revere,30-49 Years,17704.0,18718.0,16027.0,6983.0,,2691.0
197197,2022-07-05,Suffolk,Revere,50-64 Years,12184.0,11315.0,10079.0,6179.0,,1236.0
197198,2022-07-05,Suffolk,Revere,65-74 Years,5047.0,4767.0,4303.0,3241.0,,464.0
197199,2022-07-05,Suffolk,Revere,75+ Years,4312.0,3535.0,3082.0,2404.0,,453.0
197200,2022-07-05,Suffolk,Revere,Total,60849.0,55026.0,47387.0,22935.0,,7639.0
200561,2022-07-12,Suffolk,Revere,0-4 Years,3785.0,67.0,,,,
200562,2022-07-12,Suffolk,Revere,5-11 Years,4684.0,2375.0,1903.0,89.0,,
200563,2022-07-12,Suffolk,Revere,12-15 Years,2734.0,2594.0,2266.0,497.0,2.0,
200564,2022-07-12,Suffolk,Revere,16-19 Years,2875.0,2762.0,2366.0,916.0,4.0,
200565,2022-07-12,Suffolk,Revere,20-29 Years,8324.0,8948.0,7368.0,2659.0,23.0,
200566,2022-07-12,Suffolk,Revere,30-49 Years,18441.0,18711.0,16018.0,6998.0,111.0,
200567,2022-07-12,Suffolk,Revere,50-64 Years,12047.0,11320.0,10083.0,6194.0,928.0,
200568,2022-07-12,Suffolk,Revere,65-74 Years,4983.0,4770.0,4305.0,3252.0,1045.0,
200569,2022-07-12,Suffolk,Revere,75+ Years,4309.0,3536.0,3085.0,2407.0,942.0,
200570,2022-07-12,Suffolk,Revere,Total,62185.0,55083.0,47394.0,23012.0,3055.0,
203931,2022-07-19,Suffolk,Revere,0-4 Years,3785.0,86.0,2.0,,,
203932,2022-07-19,Suffolk,Revere,5-11 Years,4684.0,2386.0,1912.0,104.0,,
203933,2022-07-19,Suffolk,Revere,12-15 Years,2735.0,2596.0,2267.0,514.0,2.0,
203934,2022-07-19,Suffolk,Revere,16-19 Years,2876.0,2765.0,2371.0,930.0,4.0,
203935,2022-07-19,Suffolk,Revere,20-29 Years,8324.0,8963.0,7373.0,2678.0,24.0,
203936,2022-07-19,Suffolk,Revere,30-49 Years,18442.0,18712.0,16024.0,7034.0,122.0,
203937,2022-07-19,Suffolk,Revere,50-64 Years,12047.0,11319.0,10088.0,6218.0,992.0,
203938,2022-07-19,Suffolk,Revere,65-74 Years,4983.0,4771.0,4311.0,3263.0,1091.0,
203939,2022-07-19,Suffolk,Revere,75+ Years,4310.0,3534.0,3088.0,2418.0,984.0,
203940,2022-07-19,Suffolk,Revere,Total,62186.0,55132.0,47436.0,23159.0,3219.0,
207301,2022-07-26,Suffolk,Revere,0-4 Years,3785.0,120.0,12.0,,,
207302,2022-07-26,Suffolk,Revere,5-11 Years,4684.0,2407.0,1926.0,128.0,,
207303,2022-07-26,Suffolk,Revere,12-15 Years,2734.0,2602.0,2271.0,538.0,2.0,
207304,2022-07-26,Suffolk,Revere,16-19 Years,2875.0,2771.0,2374.0,944.0,4.0,
207305,2022-07-26,Suffolk,Revere,20-29 Years,8324.0,8969.0,7380.0,2696.0,25.0,
207306,2022-07-26,Suffolk,Revere,30-49 Years,18441.0,18728.0,16039.0,7075.0,134.0,
207307,2022-07-26,Suffolk,Revere,50-64 Years,12047.0,11337.0,10105.0,6248.0,1092.0,
207308,2022-07-26,Suffolk,Revere,65-74 Years,4983.0,4777.0,4312.0,3275.0,1134.0,
207309,2022-07-26,Suffolk,Revere,75+ Years,4309.0,3529.0,3088.0,2421.0,1015.0,
207310,2022-07-26,Suffolk,Revere,Total,62185.0,55240.0,47507.0,23325.0,3406.0,
210671,2022-08-02,Suffolk,Revere,0-4 Years,3785.0,146.0,4.0,0.0,0.0,
210672,2022-08-02,Suffolk,Revere,5-11 Years,4684.0,2429.0,1934.0,146.0,0.0,
210673,2022-08-02,Suffolk,Revere,12-15 Years,2735.0,2605.0,2273.0,551.0,2.0,
210674,2022-08-02,Suffolk,Revere,16-19 Years,2876.0,2775.0,2375.0,953.0,4.0,
210675,2022-08-02,Suffolk,Revere,20-29 Years,8324.0,8985.0,7390.0,2718.0,27.0,
210676,2022-08-02,Suffolk,Revere,30-49 Years,18442.0,18745.0,16048.0,7095.0,137.0,
210677,2022-08-02,Suffolk,Revere,50-64 Years,12047.0,11342.0,10107.0,6275.0,1142.0,
210678,2022-08-02,Suffolk,Revere,65-74 Years,4983.0,4781.0,4311.0,3279.0,1178.0,
210679,2022-08-02,Suffolk,Revere,75+ Years,4310.0,3529.0,3087.0,2424.0,1041.0,
210680,2022-08-02,Suffolk,Revere,Total,62186.0,55337.0,47529.0,23441.0,3531.0,
214041,2022-08-09,Suffolk,Revere,0-4 Years,3785.0,170.0,9.0,0.0,0.0,
214042,2022-08-09,Suffolk,Revere,5-11 Years,4684.0,2448.0,1941.0,152.0,0.0,
214043,2022-08-09,Suffolk,Revere,12-15 Years,2735.0,2605.0,2273.0,564.0,2.0,
214044,2022-08-09,Suffolk,Revere,16-19 Years,2876.0,2777.0,2381.0,967.0,5.0,
214045,2022-08-09,Suffolk,Revere,20-29 Years,8324.0,8987.0,7389.0,2728.0,27.0,
214046,2022-08-09,Suffolk,Revere,30-49 Years,18442.0,18756.0,16059.0,7122.0,143.0,
214047,2022-08-09,Suffolk,Revere,50-64 Years,12047.0,11354.0,10117.0,6291.0,1190.0,
214048,2022-08-09,Suffolk,Revere,65-74 Years,4983.0,4782.0,4312.0,3286.0,1209.0,
214049,2022-08-09,Suffolk,Revere,75+ Years,4310.0,3534.0,3089.0,2427.0,1064.0,
214050,2022-08-09,Suffolk,Revere,Total,62186.0,55413.0,47570.0,23537.0,3640.0,
217411,2022-08-16,Suffolk,Revere,0-4 Years,3785.0,199.0,15.0,0.0,0.0,
217412,2022-08-16,Suffolk,Revere,5-11 Years,4684.0,2461.0,1955.0,172.0,1.0,
217413,2022-08-16,Suffolk,Revere,12-15 Years,2735.0,2611.0,2278.0,586.0,2.0,
217414,2022-08-16,Suffolk,Revere,16-19 Years,2876.0,2777.0,2382.0,982.0,7.0,
217415,2022-08-16,Suffolk,Revere,20-29 Years,8324.0,8993.0,7391.0,2741.0,27.0,
217416,2022-08-16,Suffolk,Revere,30-49 Years,18442.0,18763.0,16061.0,7140.0,145.0,
217417,2022-08-16,Suffolk,Revere,50-64 Years,12047.0,11361.0,10120.0,6304.0,1221.0,
217418,2022-08-16,Suffolk,Revere,65-74 Years,4983.0,4785.0,4316.0,3296.0,1228.0,
217419,2022-08-16,Suffolk,Revere,75+ Years,4310.0,3539.0,3089.0,2429.0,1076.0,
217420,2022-08-16,Suffolk,Revere,Total,62186.0,55489.0,47607.0,23650.0,3707.0,
220781,2022-08-23,Suffolk,Revere,0-4 Years,3785.0,217.0,17.0,0.0,0.0,
220782,2022-08-23,Suffolk,Revere,5-11 Years,4684.0,2466.0,1980.0,200.0,1.0,
220783,2022-08-23,Suffolk,Revere,12-15 Years,2734.0,2610.0,2278.0,601.0,2.0,
220784,2022-08-23,Suffolk,Revere,16-19 Years,2875.0,2783.0,2385.0,994.0,7.0,
220785,2022-08-23,Suffolk,Revere,20-29 Years,8324.0,8999.0,7395.0,2757.0,30.0,
220786,2022-08-23,Suffolk,Revere,30-49 Years,18441.0,18772.0,16062.0,7158.0,152.0,
220787,2022-08-23,Suffolk,Revere,50-64 Years,12047.0,11367.0,10124.0,6321.0,1267.0,
220788,2022-08-23,Suffolk,Revere,65-74 Years,4983.0,4786.0,4321.0,3300.0,1248.0,
220789,2022-08-23,Suffolk,Revere,75+ Years,4309.0,3537.0,3089.0,2430.0,1088.0,
220790,2022-08-23,Suffolk,Revere,Total,62185.0,55537.0,47651.0,23761.0,3795.0,
224151,2022-08-30,Suffolk,Revere,0-4 Years,3785.0,253.0,20.0,0.0,0.0,
224152,2022-08-30,Suffolk,Revere,5-11 Years,4684.0,2483.0,1993.0,221.0,1.0,
224153,2022-08-30,Suffolk,Revere,12-15 Years,2734.0,2615.0,2280.0,614.0,2.0,
224154,2022-08-30,Suffolk,Revere,16-19 Years,2875.0,2784.0,2386.0,1007.0,8.0,
224155,2022-08-30,Suffolk,Revere,20-29 Years,8324.0,9004.0,7397.0,2770.0,29.0,
224156,2022-08-30,Suffolk,Revere,30-49 Years,18441.0,18781.0,16065.0,7179.0,154.0,
224157,2022-08-30,Suffolk,Revere,50-64 Years,12047.0,11369.0,10125.0,6333.0,1295.0,
224158,2022-08-30,Suffolk,Revere,65-74 Years,4983.0,4787.0,4323.0,3303.0,1268.0,
224159,2022-08-30,Suffolk,Revere,75+ Years,4309.0,3543.0,3091.0,2432.0,1100.0,
224160,2022-08-30,Suffolk,Revere,Total,62185.0,55619.0,47680.0,23859.0,3857.0,
227521,2022-09-06,Suffolk,Revere,0-4 Years,3785.0,274.0,20.0,0.0,0.0,
227522,2022-09-06,Suffolk,Revere,5-11 Years,4684.0,2498.0,2004.0,229.0,1.0,
227523,2022-09-06,Suffolk,Revere,12-15 Years,2734.0,2616.0,2281.0,622.0,2.0,
227524,2022-09-06,Suffolk,Revere,16-19 Years,2875.0,2788.0,2391.0,1018.0,8.0,
227525,2022-09-06,Suffolk,Revere,20-29 Years,8324.0,9001.0,7404.0,2781.0,30.0,
227526,2022-09-06,Suffolk,Revere,30-49 Years,18441.0,18760.0,16064.0,7211.0,157.0,
227527,2022-09-06,Suffolk,Revere,50-64 Years,12047.0,11351.0,10121.0,6348.0,1310.0,
227528,2022-09-06,Suffolk,Revere,65-74 Years,4983.0,4783.0,4320.0,3304.0,1277.0,
227529,2022-09-06,Suffolk,Revere,75+ Years,4309.0,3543.0,3091.0,2433.0,1114.0,
227530,2022-09-06,Suffolk,Revere,Total,62185.0,55614.0,47696.0,23946.0,3899.0,
230891,2022-09-13,Suffolk,Revere,0-4 Years,3785.0,295.0,27.0,0.0,0.0,
230892,2022-09-13,Suffolk,Revere,5-11 Years,4684.0,2508.0,2017.0,237.0,1.0,
230893,2022-09-13,Suffolk,Revere,12-15 Years,2734.0,2615.0,2280.0,624.0,3.0,
230894,2022-09-13,Suffolk,Revere,16-19 Years,2875.0,2788.0,2398.0,1027.0,13.0,
230895,2022-09-13,Suffolk,Revere,20-29 Years,8324.0,8982.0,7411.0,2805.0,41.0,
230896,2022-09-13,Suffolk,Revere,30-49 Years,18441.0,18709.0,16076.0,7262.0,216.0,
230897,2022-09-13,Suffolk,Revere,50-64 Years,12047.0,11353.0,10136.0,6367.0,1339.0,
230898,2022-09-13,Suffolk,Revere,65-74 Years,4983.0,4777.0,4326.0,3314.0,1301.0,
230899,2022-09-13,Suffolk,Revere,75+ Years,4309.0,3540.0,3095.0,2439.0,1126.0,
230900,2022-09-13,Suffolk,Revere,Total,62185.0,55567.0,47766.0,24075.0,4040.0,
234261,2022-09-20,Suffolk,Revere,0-4 Years,3785.0,317.0,38.0,0.0,0.0,
234262,2022-09-20,Suffolk,Revere,5-11 Years,4684.0,2516.0,2027.0,255.0,1.0,
234263,2022-09-20,Suffolk,Revere,12-15 Years,2734.0,2612.0,2280.0,634.0,4.0,
234264,2022-09-20,Suffolk,Revere,16-19 Years,2875.0,2781.0,2398.0,1041.0,16.0,
234265,2022-09-20,Suffolk,Revere,20-29 Years,8324.0,8961.0,7433.0,2829.0,54.0,
234266,2022-09-20,Suffolk,Revere,30-49 Years,18441.0,18635.0,16125.0,7342.0,268.0,
234267,2022-09-20,Suffolk,Revere,50-64 Years,12047.0,11336.0,10146.0,6397.0,1388.0,
234268,2022-09-20,Suffolk,Revere,65-74 Years,4983.0,4770.0,4329.0,3325.0,1344.0,
234269,2022-09-20,Suffolk,Revere,75+ Years,4309.0,3535.0,3094.0,2442.0,1159.0,
234270,2022-09-20,Suffolk,Revere,Total,62185.0,55463.0,47870.0,24265.0,4234.0,
237631,2022-09-27,Suffolk,Revere,0-4 Years,3785.0,340.0,46.0,0.0,0.0,
237632,2022-09-27,Suffolk,Revere,5-11 Years,4684.0,2530.0,2041.0,270.0,1.0,
237633,2022-09-27,Suffolk,Revere,12-15 Years,2734.0,2618.0,2284.0,654.0,6.0,
237634,2022-09-27,Suffolk,Revere,16-19 Years,2875.0,2784.0,2399.0,1052.0,25.0,
237635,2022-09-27,Suffolk,Revere,20-29 Years,8324.0,8973.0,7437.0,2846.0,74.0,
237636,2022-09-27,Suffolk,Revere,30-49 Years,18441.0,18663.0,16139.0,7375.0,370.0,
237637,2022-09-27,Suffolk,Revere,50-64 Years,12047.0,11347.0,10151.0,6425.0,1461.0,
237638,2022-09-27,Suffolk,Revere,65-74 Years,4983.0,4776.0,4332.0,3337.0,1410.0,
237639,2022-09-27,Suffolk,Revere,75+ Years,4309.0,3539.0,3097.0,2451.0,1192.0,
237640,2022-09-27,Suffolk,Revere,Total,62185.0,55570.0,47926.0,24410.0,4539.0,
241001,2022-10-04,Suffolk,Revere,0-4 Years,3785.0,356.0,57.0,0.0,0.0,
241002,2022-10-04,Suffolk,Revere,5-11 Years,4684.0,2535.0,2052.0,279.0,1.0,
241003,2022-10-04,Suffolk,Revere,12-15 Years,2734.0,2624.0,2289.0,668.0,15.0,
241004,2022-10-04,Suffolk,Revere,16-19 Years,2875.0,2785.0,2400.0,1064.0,29.0,
241005,2022-10-04,Suffolk,Revere,20-29 Years,8324.0,8988.0,7443.0,2859.0,102.0,
241006,2022-10-04,Suffolk,Revere,30-49 Years,18441.0,18679.0,16154.0,7402.0,476.0,
241007,2022-10-04,Suffolk,Revere,50-64 Years,12047.0,11359.0,10166.0,6452.0,1554.0,
241008,2022-10-04,Suffolk,Revere,65-74 Years,4983.0,4787.0,4335.0,3347.0,1465.0,
241009,2022-10-04,Suffolk,Revere,75+ Years,4309.0,3559.0,3103.0,2460.0,1252.0,
241010,2022-10-04,Suffolk,Revere,Total,62185.0,55672.0,47999.0,24531.0,4894.0,
